"e","package Spring.domain;

public class Pessoa {
}
","","0","1631493361959","Pessoa.java"
"e","@","","23","1631493378963","Pessoa.java"
"k","@",,"24","1631493378964","Pessoa.java"
"e","D","","24","1631493379263","Pessoa.java"
"k","D",,"25","1631493379270","Pessoa.java"
"e","a","","25","1631493379582","Pessoa.java"
"k","a",,"26","1631493379586","Pessoa.java"
"e","t","","26","1631493379750","Pessoa.java"
"k","t",,"27","1631493379757","Pessoa.java"
"e","a","","27","1631493379823","Pessoa.java"
"k","a",,"28","1631493379829","Pessoa.java"
"a","Choose Lookup Item",,,"1631493380576","Pessoa.java"
"e","lombok.","","24","1631493380659","Pessoa.java"
"e","import lombok.Data;","","23","1631493380721","Pessoa.java"
"e","","lombok.","43","1631493380813","Pessoa.java"
"e","
","","23","1631493380968","Pessoa.java"
"e","

","","43","1631493381093","Pessoa.java"
"a","Enter",,,"1631493382484","Pessoa.java"
"e","
","","51","1631493382537","Pessoa.java"
"e","@","","51","1631493387266","Pessoa.java"
"k","@",,"52","1631493387267","Pessoa.java"
"e","E","","52","1631493388136","Pessoa.java"
"k","E",,"53","1631493388153","Pessoa.java"
"e","n","","53","1631493388277","Pessoa.java"
"k","n",,"54","1631493388284","Pessoa.java"
"e","t","","54","1631493388521","Pessoa.java"
"k","t",,"55","1631493388528","Pessoa.java"
"e","o","","55","1631493388599","Pessoa.java"
"k","o",,"56","1631493388608","Pessoa.java"
"a","Backspace",,,"1631493388886","Pessoa.java"
"e","","o","55","1631493388911","Pessoa.java"
"e","i","","55","1631493390092","Pessoa.java"
"k","i",,"56","1631493390099","Pessoa.java"
"e","t","","56","1631493390351","Pessoa.java"
"k","t",,"57","1631493390358","Pessoa.java"
"e","y","","57","1631493390461","Pessoa.java"
"k","y",,"58","1631493390468","Pessoa.java"
"a","Choose Lookup Item",,,"1631493392392","Pessoa.java"
"e","Scan","","58","1631493392681","Pessoa.java"
"e","org.springframework.boot.autoconfigure.domain.","","52","1631493392770","Pessoa.java"
"e","import org.springframework.boot.autoconfigure.domain.EntityScan;","","43","1631493392806","Pessoa.java"
"e","","org.springframework.boot.autoconfigure.domain.","116","1631493392843","Pessoa.java"
"e","
","","43","1631493392873","Pessoa.java"
"a","Backspace",,,"1631493393784","Pessoa.java"
"e","","n","126","1631493393820","Pessoa.java"
"a","Backspace",,,"1631493393947","Pessoa.java"
"e","","a","125","1631493394085","Pessoa.java"
"a","Backspace",,,"1631493394125","Pessoa.java"
"e","","c","124","1631493394166","Pessoa.java"
"a","Backspace",,,"1631493394293","Pessoa.java"
"e","","S","123","1631493394331","Pessoa.java"
"a","Backspace",,,"1631493405470","Pessoa.java"
"e","","a","114","1631493405517","Pessoa.java"
"a","Backspace",,,"1631493405634","Pessoa.java"
"e","","t","113","1631493405652","Pessoa.java"
"a","Backspace",,,"1631493405804","Pessoa.java"
"e","","a","112","1631493405863","Pessoa.java"
"a","Backspace",,,"1631493405949","Pessoa.java"
"e","","D","111","1631493405968","Pessoa.java"
"a","Backspace",,,"1631493406108","Pessoa.java"
"e","","@","110","1631493406254","Pessoa.java"
"a","Right",,,"1631493406799","Pessoa.java"
"a","Right",,,"1631493407360","Pessoa.java"
"a","Right",,,"1631493407565","Pessoa.java"
"a","Right",,,"1631493407736","Pessoa.java"
"a","Right",,,"1631493407907","Pessoa.java"
"a","Right",,,"1631493408073","Pessoa.java"
"a","Right",,,"1631493408245","Pessoa.java"
"a","Right",,,"1631493408412","Pessoa.java"
"a","Enter",,,"1631493408816","Pessoa.java"
"e","
","","119","1631493408997","Pessoa.java"
"a","Up",,,"1631493417675","Pessoa.java"
"a","Backspace",,,"1631493422751","Pessoa.java"
"e","","y","117","1631493422800","Pessoa.java"
"a","Backspace",,,"1631493423267","Pessoa.java"
"e","","t","116","1631493423419","Pessoa.java"
"a","Backspace",,,"1631493423426","Pessoa.java"
"e","","i","115","1631493423623","Pessoa.java"
"a","Backspace",,,"1631493423631","Pessoa.java"
"e","","t","114","1631493423708","Pessoa.java"
"a","Backspace",,,"1631493423709","Pessoa.java"
"e","","n","113","1631493423796","Pessoa.java"
"a","Backspace",,,"1631493423797","Pessoa.java"
"e","","E","112","1631493423910","Pessoa.java"
"a","Backspace",,,"1631493423921","Pessoa.java"
"e","","@","111","1631493423953","Pessoa.java"
"a","Backspace",,,"1631493423955","Pessoa.java"
"e","","
","112","1631493423990","Pessoa.java"
"e","@","","110","1631493425560","Pessoa.java"
"k","@",,"111","1631493425560","Pessoa.java"
"e","D","","111","1631493425913","Pessoa.java"
"k","D",,"112","1631493425926","Pessoa.java"
"e","a","","112","1631493426079","Pessoa.java"
"k","a",,"113","1631493426085","Pessoa.java"
"e","t","","113","1631493426425","Pessoa.java"
"k","t",,"114","1631493426431","Pessoa.java"
"e","a","","114","1631493426507","Pessoa.java"
"k","a",,"115","1631493426514","Pessoa.java"
"a","Choose Lookup Item",,,"1631493440830","Pessoa.java"
"e","SourceDefinitions","","115","1631493440850","Pessoa.java"
"e","javax.annotation.sql.","","111","1631493440891","Pessoa.java"
"e","import javax.annotation.sql.DataSourceDefinitions;","","108","1631493440928","Pessoa.java"
"e","","javax.annotation.sql.","161","1631493440957","Pessoa.java"
"e","

","","108","1631493440994","Pessoa.java"
"e","(","","184","1631493441021","Pessoa.java"
"e",")","","185","1631493441056","Pessoa.java"
"a","Right",,,"1631493446501","Pessoa.java"
"a","Backspace",,,"1631493447153","Pessoa.java"
"e","",")","185","1631493447192","Pessoa.java"
"a","Backspace",,,"1631493447673","Pessoa.java"
"e","","(","184","1631493447730","Pessoa.java"
"a","Backspace",,,"1631493447737","Pessoa.java"
"e","","s","183","1631493447773","Pessoa.java"
"a","Backspace",,,"1631493447790","Pessoa.java"
"e","","n","182","1631493447819","Pessoa.java"
"a","Backspace",,,"1631493447820","Pessoa.java"
"e","","o","181","1631493447856","Pessoa.java"
"a","Backspace",,,"1631493447872","Pessoa.java"
"e","","i","180","1631493447893","Pessoa.java"
"a","Backspace",,,"1631493447895","Pessoa.java"
"e","","t","179","1631493447967","Pessoa.java"
"a","Backspace",,,"1631493447975","Pessoa.java"
"e","","i","178","1631493448013","Pessoa.java"
"a","Backspace",,,"1631493448016","Pessoa.java"
"e","","n","177","1631493448045","Pessoa.java"
"a","Backspace",,,"1631493448047","Pessoa.java"
"e","","i","176","1631493448070","Pessoa.java"
"a","Backspace",,,"1631493448080","Pessoa.java"
"e","","f","175","1631493448123","Pessoa.java"
"a","Backspace",,,"1631493448124","Pessoa.java"
"e","","e","174","1631493448181","Pessoa.java"
"a","Backspace",,,"1631493448182","Pessoa.java"
"e","","D","173","1631493448222","Pessoa.java"
"a","Backspace",,,"1631493448237","Pessoa.java"
"e","","e","172","1631493448261","Pessoa.java"
"a","Backspace",,,"1631493448406","Pessoa.java"
"e","","c","171","1631493448427","Pessoa.java"
"a","Backspace",,,"1631493448572","Pessoa.java"
"e","","r","170","1631493448701","Pessoa.java"
"a","Backspace",,,"1631493448748","Pessoa.java"
"e","","u","169","1631493448789","Pessoa.java"
"a","Backspace",,,"1631493448923","Pessoa.java"
"e","","o","168","1631493448945","Pessoa.java"
"a","Backspace",,,"1631493449651","Pessoa.java"
"e","","S","167","1631493449682","Pessoa.java"
"a","Enter",,,"1631493450039","Pessoa.java"
"e","
","","169","1631493450539","Pessoa.java"
"e","@","","168","1631493453027","Pessoa.java"
"k","@",,"169","1631493453028","Pessoa.java"
"e","E","","169","1631493453744","Pessoa.java"
"k","E",,"170","1631493453758","Pessoa.java"
"e","n","","170","1631493453990","Pessoa.java"
"k","n",,"171","1631493453998","Pessoa.java"
"e","t","","171","1631493454336","Pessoa.java"
"k","t",,"172","1631493454344","Pessoa.java"
"e","i","","172","1631493454501","Pessoa.java"
"k","i",,"173","1631493454510","Pessoa.java"
"e","t","","173","1631493454714","Pessoa.java"
"k","t",,"174","1631493454724","Pessoa.java"
"e","y","","174","1631493454861","Pessoa.java"
"k","y",,"175","1631493454870","Pessoa.java"
"e","@","","176","1631493459638","Pessoa.java"
"k","@",,"177","1631493459640","Pessoa.java"
"e","T","","177","1631493460208","Pessoa.java"
"k","T",,"178","1631493460219","Pessoa.java"
"e","a","","178","1631493460420","Pessoa.java"
"k","a",,"179","1631493460425","Pessoa.java"
"e","b","","179","1631493461322","Pessoa.java"
"k","b",,"180","1631493461329","Pessoa.java"
"e","l","","180","1631493461722","Pessoa.java"
"k","l",,"181","1631493461729","Pessoa.java"
"e","e","","181","1631493461836","Pessoa.java"
"k","e",,"182","1631493461841","Pessoa.java"
"e","(","","182","1631493463237","Pessoa.java"
"e",")","","183","1631493463693","Pessoa.java"
"k","(",,"183","1631493463694","Pessoa.java"
"a","Left",,,"1631493465312","Pessoa.java"
"a","Right",,,"1631493466329","Pessoa.java"
"e","n","","183","1631493467137","Pessoa.java"
"k","n",,"184","1631493467138","Pessoa.java"
"e","a","","184","1631493467236","Pessoa.java"
"k","a",,"185","1631493467236","Pessoa.java"
"e","m","","185","1631493467372","Pessoa.java"
"k","m",,"186","1631493467373","Pessoa.java"
"e","e","","186","1631493467496","Pessoa.java"
"k","e",,"187","1631493467497","Pessoa.java"
"e"," ","","187","1631493467710","Pessoa.java"
"k"," ",,"188","1631493467711","Pessoa.java"
"e","=","","188","1631493469794","Pessoa.java"
"k","=",,"189","1631493469794","Pessoa.java"
"e"," ","","189","1631493469825","Pessoa.java"
"k"," ",,"190","1631493469825","Pessoa.java"
"e","""","","190","1631493470902","Pessoa.java"
"e","""","","190","1631493470938","Pessoa.java"
"k","""",,"191","1631493470938","Pessoa.java"
"e","p","","191","1631493471394","Pessoa.java"
"k","p",,"192","1631493471395","Pessoa.java"
"e","s","","192","1631493471803","Pessoa.java"
"k","s",,"193","1631493471804","Pessoa.java"
"e","s","","193","1631493471884","Pessoa.java"
"k","s",,"194","1631493471885","Pessoa.java"
"e","o","","194","1631493472067","Pessoa.java"
"k","o",,"195","1631493472068","Pessoa.java"
"a","Backspace",,,"1631493472600","Pessoa.java"
"e","","o","194","1631493472864","Pessoa.java"
"a","Backspace",,,"1631493472875","Pessoa.java"
"e","","s","193","1631493472953","Pessoa.java"
"a","Backspace",,,"1631493472966","Pessoa.java"
"e","","s","192","1631493473105","Pessoa.java"
"e","e","","192","1631493473881","Pessoa.java"
"k","e",,"193","1631493473882","Pessoa.java"
"e","s","","193","1631493474049","Pessoa.java"
"k","s",,"194","1631493474050","Pessoa.java"
"e","s","","194","1631493474373","Pessoa.java"
"k","s",,"195","1631493474373","Pessoa.java"
"e","o","","195","1631493474454","Pessoa.java"
"k","o",,"196","1631493474454","Pessoa.java"
"e","a","","196","1631493474542","Pessoa.java"
"k","a",,"197","1631493474543","Pessoa.java"
"a","Enter",,,"1631493484243","Pessoa.java"
"e","
","","200","1631493484288","Pessoa.java"
"a","Backspace",,,"1631493510878","Pessoa.java"
"e","",";","159","1631493510930","Pessoa.java"
"a","Backspace",,,"1631493511395","Pessoa.java"
"e","","s","158","1631493511443","Pessoa.java"
"a","Backspace",,,"1631493511464","Pessoa.java"
"e","","n","157","1631493511497","Pessoa.java"
"a","Backspace",,,"1631493511513","Pessoa.java"
"e","","o","156","1631493511540","Pessoa.java"
"a","Backspace",,,"1631493511541","Pessoa.java"
"e","","i","155","1631493511570","Pessoa.java"
"a","Backspace",,,"1631493511579","Pessoa.java"
"e","","t","154","1631493511607","Pessoa.java"
"a","Backspace",,,"1631493511609","Pessoa.java"
"e","","i","153","1631493511633","Pessoa.java"
"a","Backspace",,,"1631493511638","Pessoa.java"
"e","","n","152","1631493511672","Pessoa.java"
"a","Backspace",,,"1631493511673","Pessoa.java"
"e","","i","151","1631493512159","Pessoa.java"
"a","Backspace",,,"1631493512165","Pessoa.java"
"e","","f","150","1631493512313","Pessoa.java"
"a","Backspace",,,"1631493512324","Pessoa.java"
"e","","e","149","1631493512436","Pessoa.java"
"a","Backspace",,,"1631493512437","Pessoa.java"
"e","","D","148","1631493512568","Pessoa.java"
"a","Backspace",,,"1631493512569","Pessoa.java"
"e","","e","147","1631493512631","Pessoa.java"
"a","Backspace",,,"1631493512632","Pessoa.java"
"e","","c","146","1631493512668","Pessoa.java"
"a","Backspace",,,"1631493512669","Pessoa.java"
"e","","r","145","1631493512707","Pessoa.java"
"a","Backspace",,,"1631493512708","Pessoa.java"
"e","","u","144","1631493512735","Pessoa.java"
"a","Backspace",,,"1631493512736","Pessoa.java"
"e","","o","143","1631493512774","Pessoa.java"
"a","Backspace",,,"1631493512775","Pessoa.java"
"e","","S","142","1631493512804","Pessoa.java"
"a","Backspace",,,"1631493512805","Pessoa.java"
"e","","a","141","1631493512838","Pessoa.java"
"a","Backspace",,,"1631493512840","Pessoa.java"
"e","","t","140","1631493512876","Pessoa.java"
"a","Backspace",,,"1631493512877","Pessoa.java"
"e","","a","139","1631493512902","Pessoa.java"
"a","Backspace",,,"1631493512904","Pessoa.java"
"e","","D","138","1631493512940","Pessoa.java"
"a","Backspace",,,"1631493512942","Pessoa.java"
"e","",".","137","1631493512969","Pessoa.java"
"a","Backspace",,,"1631493512971","Pessoa.java"
"e","","l","136","1631493513005","Pessoa.java"
"a","Backspace",,,"1631493513012","Pessoa.java"
"e","","q","135","1631493513042","Pessoa.java"
"a","Backspace",,,"1631493513043","Pessoa.java"
"e","","s","134","1631493513080","Pessoa.java"
"a","Backspace",,,"1631493513081","Pessoa.java"
"e","",".","133","1631493513115","Pessoa.java"
"a","Backspace",,,"1631493513116","Pessoa.java"
"e","","n","132","1631493513181","Pessoa.java"
"a","Backspace",,,"1631493513184","Pessoa.java"
"e","","o","131","1631493513215","Pessoa.java"
"a","Backspace",,,"1631493513216","Pessoa.java"
"e","","i","130","1631493513250","Pessoa.java"
"a","Backspace",,,"1631493513251","Pessoa.java"
"e","","t","129","1631493513279","Pessoa.java"
"a","Backspace",,,"1631493513280","Pessoa.java"
"e","","a","128","1631493513313","Pessoa.java"
"a","Backspace",,,"1631493513314","Pessoa.java"
"e","","t","127","1631493513348","Pessoa.java"
"a","Backspace",,,"1631493513544","Pessoa.java"
"e","","o","126","1631493513562","Pessoa.java"
"a","Backspace",,,"1631493513736","Pessoa.java"
"e","","n","125","1631493513906","Pessoa.java"
"a","Backspace",,,"1631493513965","Pessoa.java"
"e","","n","124","1631493514004","Pessoa.java"
"a","Backspace",,,"1631493514912","Pessoa.java"
"e","","a","123","1631493514947","Pessoa.java"
"e","p","","123","1631493515766","Pessoa.java"
"k","p",,"124","1631493515766","Pessoa.java"
"e","e","","124","1631493515862","Pessoa.java"
"k","e",,"125","1631493515869","Pessoa.java"
"e","r","","125","1631493516041","Pessoa.java"
"k","r",,"126","1631493516041","Pessoa.java"
"e","s","","126","1631493516997","Pessoa.java"
"k","s",,"127","1631493516997","Pessoa.java"
"e","i","","127","1631493519272","Pessoa.java"
"k","i",,"128","1631493519272","Pessoa.java"
"e","s","","128","1631493519334","Pessoa.java"
"k","s",,"129","1631493519335","Pessoa.java"
"e","t","","129","1631493519370","Pessoa.java"
"k","t",,"130","1631493519370","Pessoa.java"
"e","e","","130","1631493519396","Pessoa.java"
"k","e",,"131","1631493519397","Pessoa.java"
"e","n","","131","1631493519433","Pessoa.java"
"k","n",,"132","1631493519433","Pessoa.java"
"e","c","","132","1631493519461","Pessoa.java"
"k","c",,"133","1631493519462","Pessoa.java"
"e","e","","133","1631493519499","Pessoa.java"
"k","e",,"134","1631493519499","Pessoa.java"
"e",".","","134","1631493522216","Pessoa.java"
"k",".",,"135","1631493522217","Pessoa.java"
"e","*","","135","1631493522991","Pessoa.java"
"k","*",,"136","1631493522992","Pessoa.java"
"e",";","","136","1631493523430","Pessoa.java"
"k",";",,"137","1631493523430","Pessoa.java"
"a","Enable 'Settings | Editor | General | Auto Import | Optimize imports on the fly'",,,"1631493530431","Pessoa.java"
"a","Optimize imports",,,"1631493535976","Pessoa.java"
"e","","
import org.springframework.boot.autoconfigure.domain.EntityScan;","43","1631493536102","Pessoa.java"
"a","Backspace",,,"1631493542096","Pessoa.java"
"e","","import lombok.Data;
","24","1631493542152","Pessoa.java"
"a","Down",,,"1631493543614","Pessoa.java"
"a","Down",,,"1631493544438","Pessoa.java"
"a","Backspace",,,"1631493544872","Pessoa.java"
"e","","
","24","1631493544916","Pessoa.java"
"a","Right",,,"1631493547260","Pessoa.java"
"a","Right",,,"1631493547778","Pessoa.java"
"a","Right",,,"1631493547812","Pessoa.java"
"a","Right",,,"1631493547847","Pessoa.java"
"a","Right",,,"1631493547881","Pessoa.java"
"a","Right",,,"1631493547915","Pessoa.java"
"a","Right",,,"1631493547950","Pessoa.java"
"a","Right",,,"1631493547984","Pessoa.java"
"a","Right",,,"1631493548018","Pessoa.java"
"a","Right",,,"1631493548053","Pessoa.java"
"a","Down",,,"1631493548388","Pessoa.java"
"a","Down",,,"1631493548601","Pessoa.java"
"a","Down",,,"1631493548868","Pessoa.java"
"a","Down",,,"1631493549158","Pessoa.java"
"a","Down",,,"1631493550874","Pessoa.java"
"a","Backspace",,,"1631493551586","Pessoa.java"
"e","","
","91","1631493551618","Pessoa.java"
"a","Down",,,"1631493552442","Pessoa.java"
"a","Enter",,,"1631493552995","Pessoa.java"
"e","
","","113","1631493553205","Pessoa.java"
"e","    ","","113","1631493553266","Pessoa.java"
"e","p","","117","1631493557748","Pessoa.java"
"k","p",,"118","1631493557749","Pessoa.java"
"e","r","","118","1631493557797","Pessoa.java"
"k","r",,"119","1631493557798","Pessoa.java"
"e","i","","119","1631493558233","Pessoa.java"
"k","i",,"120","1631493558238","Pessoa.java"
"e","v","","120","1631493558325","Pessoa.java"
"k","v",,"121","1631493558327","Pessoa.java"
"e","a","","121","1631493558464","Pessoa.java"
"k","a",,"122","1631493558467","Pessoa.java"
"e","t","","122","1631493558614","Pessoa.java"
"k","t",,"123","1631493558617","Pessoa.java"
"e","e","","123","1631493558748","Pessoa.java"
"k","e",,"124","1631493558753","Pessoa.java"
"k"," ",,"125","1631493558935","Pessoa.java"
"e"," s","","124","1631493560295","Pessoa.java"
"k","s",,"126","1631493560296","Pessoa.java"
"e","t","","126","1631493560565","Pessoa.java"
"k","t",,"127","1631493560571","Pessoa.java"
"e","a","","127","1631493560857","Pessoa.java"
"k","a",,"128","1631493560862","Pessoa.java"
"e","t","","128","1631493561582","Pessoa.java"
"k","t",,"129","1631493561588","Pessoa.java"
"e","i","","129","1631493562408","Pessoa.java"
"k","i",,"130","1631493562411","Pessoa.java"
"e","c","","130","1631493562571","Pessoa.java"
"k","c",,"131","1631493562581","Pessoa.java"
"k"," ",,"132","1631493562739","Pessoa.java"
"e"," f","","131","1631493564702","Pessoa.java"
"k","f",,"133","1631493564703","Pessoa.java"
"e","i","","133","1631493564957","Pessoa.java"
"k","i",,"134","1631493564958","Pessoa.java"
"e","n","","134","1631493565054","Pessoa.java"
"k","n",,"135","1631493565054","Pessoa.java"
"e","a","","135","1631493565090","Pessoa.java"
"k","a",,"136","1631493565091","Pessoa.java"
"e","l","","136","1631493565793","Pessoa.java"
"k","l",,"137","1631493565799","Pessoa.java"
"k"," ",,"138","1631493565997","Pessoa.java"
"e"," l","","137","1631493566500","Pessoa.java"
"k","l",,"139","1631493566500","Pessoa.java"
"e","o","","139","1631493566595","Pessoa.java"
"k","o",,"140","1631493566596","Pessoa.java"
"e","g","","140","1631493566842","Pessoa.java"
"k","g",,"141","1631493566847","Pessoa.java"
"k"," ",,"142","1631493567031","Pessoa.java"
"a","Backspace",,,"1631493567596","Pessoa.java"
"a","Backspace",,,"1631493567783","Pessoa.java"
"e","","g","140","1631493567881","Pessoa.java"
"e","n","","140","1631493568495","Pessoa.java"
"k","n",,"141","1631493568496","Pessoa.java"
"e","g","","141","1631493568611","Pessoa.java"
"k","g",,"142","1631493568618","Pessoa.java"
"k"," ",,"143","1631493568747","Pessoa.java"
"e"," s","","142","1631493570778","Pessoa.java"
"k","s",,"144","1631493570779","Pessoa.java"
"e","e","","144","1631493570815","Pessoa.java"
"k","e",,"145","1631493570816","Pessoa.java"
"e","r","","145","1631493570850","Pessoa.java"
"k","r",,"146","1631493570850","Pessoa.java"
"e","i","","146","1631493570914","Pessoa.java"
"k","i",,"147","1631493570915","Pessoa.java"
"e","a","","147","1631493571077","Pessoa.java"
"k","a",,"148","1631493571078","Pessoa.java"
"e","l","","148","1631493572384","Pessoa.java"
"k","l",,"149","1631493572385","Pessoa.java"
"e","V","","149","1631493575734","Pessoa.java"
"k","V",,"150","1631493575735","Pessoa.java"
"e","e","","150","1631493575811","Pessoa.java"
"k","e",,"151","1631493575811","Pessoa.java"
"e","r","","151","1631493576006","Pessoa.java"
"k","r",,"152","1631493576006","Pessoa.java"
"e","s","","152","1631493576290","Pessoa.java"
"k","s",,"153","1631493576290","Pessoa.java"
"e","i","","153","1631493576415","Pessoa.java"
"k","i",,"154","1631493576415","Pessoa.java"
"e","o","","154","1631493576577","Pessoa.java"
"k","o",,"155","1631493576578","Pessoa.java"
"e","n","","155","1631493577567","Pessoa.java"
"k","n",,"156","1631493577568","Pessoa.java"
"e","U","","156","1631493578831","Pessoa.java"
"k","U",,"157","1631493578832","Pessoa.java"
"e","I","","157","1631493579018","Pessoa.java"
"k","I",,"158","1631493579019","Pessoa.java"
"e","D","","158","1631493579215","Pessoa.java"
"k","D",,"159","1631493579216","Pessoa.java"
"k"," ",,"160","1631493581039","Pessoa.java"
"e"," =","","159","1631493581577","Pessoa.java"
"k","=",,"161","1631493581577","Pessoa.java"
"k"," ",,"162","1631493581806","Pessoa.java"
"e"," 1","","161","1631493582395","Pessoa.java"
"k","1",,"163","1631493582400","Pessoa.java"
"e","L","","163","1631493582862","Pessoa.java"
"k","L",,"164","1631493582863","Pessoa.java"
"e",";","","164","1631493584011","Pessoa.java"
"k",";",,"165","1631493584012","Pessoa.java"
"a","Enter",,,"1631493584374","Pessoa.java"
"e","    
","","166","1631493584432","Pessoa.java"
"e","@","","170","1631493587971","Pessoa.java"
"k","@",,"171","1631493587972","Pessoa.java"
"e","I","","171","1631493588072","Pessoa.java"
"k","I",,"172","1631493588073","Pessoa.java"
"e","d","","172","1631493588275","Pessoa.java"
"k","d",,"173","1631493588280","Pessoa.java"
"a","Left",,,"1631493590626","Pessoa.java"
"a","Enter",,,"1631493591001","Pessoa.java"
"e","    @
","","174","1631493593327","Pessoa.java"
"k","@",,"179","1631493593327","Pessoa.java"
"e","G","","179","1631493593809","Pessoa.java"
"k","G",,"180","1631493593816","Pessoa.java"
"e","e","","180","1631493593977","Pessoa.java"
"k","e",,"181","1631493593982","Pessoa.java"
"e","n","","181","1631493594264","Pessoa.java"
"k","n",,"182","1631493594271","Pessoa.java"
"e","e","","182","1631493594346","Pessoa.java"
"k","e",,"183","1631493594350","Pessoa.java"
"e","r","","183","1631493594516","Pessoa.java"
"k","r",,"184","1631493594520","Pessoa.java"
"e","a","","184","1631493598571","Pessoa.java"
"k","a",,"185","1631493598574","Pessoa.java"
"e","t","","185","1631493598798","Pessoa.java"
"k","t",,"186","1631493598802","Pessoa.java"
"e","e","","186","1631493599117","Pessoa.java"
"k","e",,"187","1631493599120","Pessoa.java"
"e","d","","187","1631493599326","Pessoa.java"
"k","d",,"188","1631493599330","Pessoa.java"
"e","V","","188","1631493601011","Pessoa.java"
"k","V",,"189","1631493601020","Pessoa.java"
"e","a","","189","1631493601143","Pessoa.java"
"k","a",,"190","1631493601143","Pessoa.java"
"e","l","","190","1631493602036","Pessoa.java"
"k","l",,"191","1631493602037","Pessoa.java"
"e","u","","191","1631493602527","Pessoa.java"
"k","u",,"192","1631493602528","Pessoa.java"
"e","e","","192","1631493602742","Pessoa.java"
"k","e",,"193","1631493602743","Pessoa.java"
"e","(","","193","1631493606383","Pessoa.java"
"e",")","","194","1631493606422","Pessoa.java"
"k","(",,"194","1631493606423","Pessoa.java"
"e","s","","194","1631493607232","Pessoa.java"
"k","s",,"195","1631493607233","Pessoa.java"
"e","r","","195","1631493607888","Pessoa.java"
"k","r",,"196","1631493607895","Pessoa.java"
"a","Backspace",,,"1631493608642","Pessoa.java"
"e","","r","195","1631493608876","Pessoa.java"
"e","t","","195","1631493609670","Pessoa.java"
"k","t",,"196","1631493609671","Pessoa.java"
"e","r","","196","1631493609960","Pessoa.java"
"k","r",,"197","1631493609966","Pessoa.java"
"e","a","","197","1631493611129","Pessoa.java"
"k","a",,"198","1631493611130","Pessoa.java"
"e","t","","198","1631493611469","Pessoa.java"
"k","t",,"199","1631493611478","Pessoa.java"
"e","e","","199","1631493611550","Pessoa.java"
"k","e",,"200","1631493611551","Pessoa.java"
"e","g","","200","1631493612554","Pessoa.java"
"k","g",,"201","1631493612556","Pessoa.java"
"e","y","","201","1631493612869","Pessoa.java"
"k","y",,"202","1631493612870","Pessoa.java"
"e"," ","","202","1631493612965","Pessoa.java"
"k"," ",,"203","1631493612965","Pessoa.java"
"e","=","","203","1631493613961","Pessoa.java"
"k","=",,"204","1631493613962","Pessoa.java"
"e"," ","","204","1631493614252","Pessoa.java"
"k"," ",,"205","1631493614253","Pessoa.java"
"e","G","","205","1631493616098","Pessoa.java"
"k","G",,"206","1631493616099","Pessoa.java"
"e","e","","206","1631493616316","Pessoa.java"
"k","e",,"207","1631493616320","Pessoa.java"
"e","n","","207","1631493616564","Pessoa.java"
"k","n",,"208","1631493616570","Pessoa.java"
"e","e","","208","1631493616828","Pessoa.java"
"k","e",,"209","1631493616832","Pessoa.java"
"e","r","","209","1631493616877","Pessoa.java"
"k","r",,"210","1631493616881","Pessoa.java"
"e","a","","210","1631493621726","Pessoa.java"
"k","a",,"211","1631493621732","Pessoa.java"
"e","t","","211","1631493621967","Pessoa.java"
"k","t",,"212","1631493621974","Pessoa.java"
"e","i","","212","1631493622225","Pessoa.java"
"k","i",,"213","1631493622234","Pessoa.java"
"e","o","","213","1631493622584","Pessoa.java"
"k","o",,"214","1631493622591","Pessoa.java"
"e","n","","214","1631493622727","Pessoa.java"
"k","n",,"215","1631493622733","Pessoa.java"
"e","T","","215","1631493624420","Pessoa.java"
"k","T",,"216","1631493624430","Pessoa.java"
"e","y","","216","1631493625041","Pessoa.java"
"k","y",,"217","1631493625043","Pessoa.java"
"e","p","","217","1631493625225","Pessoa.java"
"k","p",,"218","1631493625226","Pessoa.java"
"e","e","","218","1631493625371","Pessoa.java"
"k","e",,"219","1631493625372","Pessoa.java"
"e",".","","219","1631493627317","Pessoa.java"
"k",".",,"220","1631493627318","Pessoa.java"
"e","I","","220","1631493628697","Pessoa.java"
"k","I",,"221","1631493628703","Pessoa.java"
"e","d","","221","1631493628848","Pessoa.java"
"k","d",,"222","1631493628848","Pessoa.java"
"e","e","","222","1631493628966","Pessoa.java"
"k","e",,"223","1631493628966","Pessoa.java"
"e","n","","223","1631493629109","Pessoa.java"
"k","n",,"224","1631493629110","Pessoa.java"
"e","t","","224","1631493630155","Pessoa.java"
"k","t",,"225","1631493630156","Pessoa.java"
"e","i","","225","1631493630457","Pessoa.java"
"k","i",,"226","1631493630458","Pessoa.java"
"e","t","","226","1631493630641","Pessoa.java"
"k","t",,"227","1631493630643","Pessoa.java"
"e","y","","227","1631493631033","Pessoa.java"
"k","y",,"228","1631493631033","Pessoa.java"
"a","Right",,,"1631493632089","Pessoa.java"
"a","Enter",,,"1631493632741","Pessoa.java"
"e","    p
","","230","1631493635065","Pessoa.java"
"k","p",,"235","1631493635065","Pessoa.java"
"e","r","","235","1631493635156","Pessoa.java"
"k","r",,"236","1631493635157","Pessoa.java"
"e","i","","236","1631493635883","Pessoa.java"
"k","i",,"237","1631493635887","Pessoa.java"
"e","v","","237","1631493636466","Pessoa.java"
"k","v",,"238","1631493636469","Pessoa.java"
"e","a","","238","1631493636525","Pessoa.java"
"k","a",,"239","1631493636528","Pessoa.java"
"e","t","","239","1631493636621","Pessoa.java"
"k","t",,"240","1631493636625","Pessoa.java"
"k"," ",,"241","1631493636943","Pessoa.java"
"e"," e","","240","1631493637177","Pessoa.java"
"k","e",,"242","1631493637177","Pessoa.java"
"a","Backspace",,,"1631493637384","Pessoa.java"
"e","","e","241","1631493637523","Pessoa.java"
"a","Backspace",,,"1631493637555","Pessoa.java"
"e",""," ","240","1631493637677","Pessoa.java"
"e","e","","240","1631493638175","Pessoa.java"
"k","e",,"241","1631493638175","Pessoa.java"
"k"," ",,"242","1631493638348","Pessoa.java"
"e"," L","","241","1631493640006","Pessoa.java"
"k","L",,"243","1631493640007","Pessoa.java"
"e","o","","243","1631493640196","Pessoa.java"
"k","o",,"244","1631493640199","Pessoa.java"
"e","n","","244","1631493640539","Pessoa.java"
"k","n",,"245","1631493640544","Pessoa.java"
"e","g","","245","1631493640698","Pessoa.java"
"k","g",,"246","1631493640703","Pessoa.java"
"k"," ",,"247","1631493640837","Pessoa.java"
"a","Backspace",,,"1631493641907","Pessoa.java"
"k"," ",,"247","1631493642365","Pessoa.java"
"e"," i","","246","1631493643643","Pessoa.java"
"k","i",,"248","1631493643643","Pessoa.java"
"e","d","","248","1631493643907","Pessoa.java"
"k","d",,"249","1631493643907","Pessoa.java"
"e","_","","249","1631493644362","Pessoa.java"
"k","_",,"250","1631493644362","Pessoa.java"
"e","p","","250","1631493644916","Pessoa.java"
"k","p",,"251","1631493644917","Pessoa.java"
"e","e","","251","1631493644956","Pessoa.java"
"k","e",,"252","1631493644957","Pessoa.java"
"e","s","","252","1631493645044","Pessoa.java"
"k","s",,"253","1631493645045","Pessoa.java"
"e","s","","253","1631493645203","Pessoa.java"
"k","s",,"254","1631493645204","Pessoa.java"
"e","o","","254","1631493645337","Pessoa.java"
"k","o",,"255","1631493645338","Pessoa.java"
"e","a","","255","1631493645535","Pessoa.java"
"k","a",,"256","1631493645535","Pessoa.java"
"e",";","","256","1631493646545","Pessoa.java"
"k",";",,"257","1631493646546","Pessoa.java"
"a","Enter",,,"1631493647175","Pessoa.java"
"e","    
","","258","1631493647220","Pessoa.java"
"a","EditorChange",,,"1631493713581","Pessoa.java"
"a","EditorChange",,,"1631493718229","Pessoa.java"
"a","EditorChange",,,"1631493723733","Pessoa.java"
"k","i",,"53","1631493727243","Pessoa.java"
"k","m",,"54","1631493727420","Pessoa.java"
"k","o",,"55","1631493727625","Pessoa.java"
"a","Backspace",,,"1631493728477","Pessoa.java"
"k","p",,"55","1631493729206","Pessoa.java"
"k","o",,"56","1631493729375","Pessoa.java"
"k","r",,"57","1631493729435","Pessoa.java"
"k","t",,"58","1631493729653","Pessoa.java"
"k"," ",,"59","1631493729847","Pessoa.java"
"k","L",,"60","1631493730821","Pessoa.java"
"k","o",,"61","1631493731032","Pessoa.java"
"k","m",,"62","1631493731590","Pessoa.java"
"k","b",,"63","1631493733175","Pessoa.java"
"k","o",,"64","1631493733350","Pessoa.java"
"a","EditorChange",,,"1631493736197","Pessoa.java"
"a","EditorChange",,,"1631493741926","Pessoa.java"
"a","Import class",,,"1631493747828","Pessoa.java"
"e","import lombok.Data;

","","24","1631493758767","Pessoa.java"
"e","","","73","1631493758767","Pessoa.java"
"e","","    ","279","1631493758767","Pessoa.java"
"a","Enter",,,"1631493784672","Pessoa.java"
"e","
    ","","278","1631493784718","Pessoa.java"
"e","@","","283","1631493788505","Pessoa.java"
"k","@",,"284","1631493788506","Pessoa.java"
"e","N","","284","1631493789100","Pessoa.java"
"k","N",,"285","1631493789112","Pessoa.java"
"e","o","","285","1631493789675","Pessoa.java"
"k","o",,"286","1631493789683","Pessoa.java"
"e","t","","286","1631493789745","Pessoa.java"
"k","t",,"287","1631493789755","Pessoa.java"
"e","E","","287","1631493791077","Pessoa.java"
"k","E",,"288","1631493791090","Pessoa.java"
"e","m","","288","1631493791240","Pessoa.java"
"k","m",,"289","1631493791241","Pessoa.java"
"e","p","","289","1631493793089","Pessoa.java"
"k","p",,"290","1631493793091","Pessoa.java"
"e","t","","290","1631493793340","Pessoa.java"
"k","t",,"291","1631493793341","Pessoa.java"
"e","y","","291","1631493793678","Pessoa.java"
"k","y",,"292","1631493793680","Pessoa.java"
"a","Enter",,,"1631493794476","Pessoa.java"
"e","
    p","","292","1631493796550","Pessoa.java"
"k","p",,"298","1631493796551","Pessoa.java"
"e","r","","298","1631493796595","Pessoa.java"
"k","r",,"299","1631493796596","Pessoa.java"
"e","i","","299","1631493796846","Pessoa.java"
"k","i",,"300","1631493796855","Pessoa.java"
"e","v","","300","1631493797280","Pessoa.java"
"k","v",,"301","1631493797287","Pessoa.java"
"e","a","","301","1631493797349","Pessoa.java"
"k","a",,"302","1631493797356","Pessoa.java"
"e","t","","302","1631493797460","Pessoa.java"
"k","t",,"303","1631493797468","Pessoa.java"
"e","e","","303","1631493797558","Pessoa.java"
"k","e",,"304","1631493797566","Pessoa.java"
"k"," ",,"305","1631493797713","Pessoa.java"
"e"," S","","304","1631493799052","Pessoa.java"
"k","S",,"306","1631493799054","Pessoa.java"
"e","t","","306","1631493799380","Pessoa.java"
"k","t",,"307","1631493799382","Pessoa.java"
"e","r","","307","1631493799448","Pessoa.java"
"k","r",,"308","1631493799450","Pessoa.java"
"e","i","","308","1631493799550","Pessoa.java"
"k","i",,"309","1631493799552","Pessoa.java"
"e","n","","309","1631493799803","Pessoa.java"
"k","n",,"310","1631493799811","Pessoa.java"
"e","g","","310","1631493799909","Pessoa.java"
"k","g",,"311","1631493799918","Pessoa.java"
"k"," ",,"312","1631493800001","Pessoa.java"
"e"," n","","311","1631493800211","Pessoa.java"
"k","n",,"313","1631493800212","Pessoa.java"
"e","o","","313","1631493801343","Pessoa.java"
"k","o",,"314","1631493801356","Pessoa.java"
"e","m","","314","1631493801535","Pessoa.java"
"k","m",,"315","1631493801536","Pessoa.java"
"e","e","","315","1631493801682","Pessoa.java"
"k","e",,"316","1631493801684","Pessoa.java"
"a","Enter",,,"1631493801876","Pessoa.java"
"e","
            ","","316","1631493802032","Pessoa.java"
"a","Backspace",,,"1631493802959","Pessoa.java"
"e",""," ","328","1631493803400","Pessoa.java"
"e","","
           ","316","1631493803438","Pessoa.java"
"e",";","","316","1631493805354","Pessoa.java"
"k",";",,"317","1631493805357","Pessoa.java"
"a","Enter",,,"1631493806104","Pessoa.java"
"e","
    ","","317","1631493806157","Pessoa.java"
"e","@","","322","1631493807356","Pessoa.java"
"k","@",,"323","1631493807358","Pessoa.java"
"a","Backspace",,,"1631493809060","Pessoa.java"
"e","","@","322","1631493809168","Pessoa.java"
"e","@","","322","1631493812740","Pessoa.java"
"k","@",,"323","1631493812741","Pessoa.java"
"e","N","","323","1631493812894","Pessoa.java"
"k","N",,"324","1631493812896","Pessoa.java"
"e","o","","324","1631493813248","Pessoa.java"
"k","o",,"325","1631493813254","Pessoa.java"
"e","t","","325","1631493813321","Pessoa.java"
"k","t",,"326","1631493813327","Pessoa.java"
"e","E","","326","1631493814646","Pessoa.java"
"k","E",,"327","1631493814660","Pessoa.java"
"e","M","","327","1631493814696","Pessoa.java"
"k","M",,"328","1631493814697","Pessoa.java"
"a","Backspace",,,"1631493817557","Pessoa.java"
"e","","M","327","1631493817579","Pessoa.java"
"e","m","","327","1631493817612","Pessoa.java"
"k","m",,"328","1631493817613","Pessoa.java"
"e","p","","328","1631493817651","Pessoa.java"
"k","p",,"329","1631493817652","Pessoa.java"
"e","t","","329","1631493817692","Pessoa.java"
"k","t",,"330","1631493817692","Pessoa.java"
"e","y","","330","1631493817727","Pessoa.java"
"k","y",,"331","1631493817728","Pessoa.java"
"a","Enter",,,"1631493818488","Pessoa.java"
"e","
    p","","331","1631493820534","Pessoa.java"
"k","p",,"337","1631493820535","Pessoa.java"
"e","r","","337","1631493820706","Pessoa.java"
"k","r",,"338","1631493820708","Pessoa.java"
"e","i","","338","1631493821215","Pessoa.java"
"k","i",,"339","1631493821224","Pessoa.java"
"e","v","","339","1631493821552","Pessoa.java"
"k","v",,"340","1631493821560","Pessoa.java"
"e","a","","340","1631493821652","Pessoa.java"
"k","a",,"341","1631493821657","Pessoa.java"
"e","t","","341","1631493821843","Pessoa.java"
"k","t",,"342","1631493821847","Pessoa.java"
"e","e","","342","1631493821960","Pessoa.java"
"k","e",,"343","1631493821965","Pessoa.java"
"k"," ",,"344","1631493822601","Pessoa.java"
"e"," S","","343","1631493823716","Pessoa.java"
"k","S",,"345","1631493823718","Pessoa.java"
"e","t","","345","1631493823976","Pessoa.java"
"k","t",,"346","1631493823982","Pessoa.java"
"e","r","","346","1631493824218","Pessoa.java"
"k","r",,"347","1631493824228","Pessoa.java"
"e","i","","347","1631493824389","Pessoa.java"
"k","i",,"348","1631493824397","Pessoa.java"
"e","n","","348","1631493824621","Pessoa.java"
"k","n",,"349","1631493824629","Pessoa.java"
"e","g","","349","1631493824696","Pessoa.java"
"k","g",,"350","1631493824700","Pessoa.java"
"k"," ",,"351","1631493824829","Pessoa.java"
"e"," s","","350","1631493826735","Pessoa.java"
"k","s",,"352","1631493826736","Pessoa.java"
"e","o","","352","1631493826783","Pessoa.java"
"k","o",,"353","1631493826784","Pessoa.java"
"e","b","","353","1631493826860","Pessoa.java"
"k","b",,"354","1631493826862","Pessoa.java"
"e","r","","354","1631493826989","Pessoa.java"
"k","r",,"355","1631493826989","Pessoa.java"
"e","e","","355","1631493827164","Pessoa.java"
"k","e",,"356","1631493827165","Pessoa.java"
"e","n","","356","1631493827277","Pessoa.java"
"k","n",,"357","1631493827279","Pessoa.java"
"e","o","","357","1631493827473","Pessoa.java"
"k","o",,"358","1631493827475","Pessoa.java"
"e","m","","358","1631493827653","Pessoa.java"
"k","m",,"359","1631493827654","Pessoa.java"
"e","e","","359","1631493827833","Pessoa.java"
"k","e",,"360","1631493827835","Pessoa.java"
"e",";","","360","1631493828658","Pessoa.java"
"k",";",,"361","1631493828659","Pessoa.java"
"a","Enter",,,"1631493829637","Pessoa.java"
"e","
    ","","361","1631493829697","Pessoa.java"
"e","@","","366","1631493831994","Pessoa.java"
"k","@",,"367","1631493831996","Pessoa.java"
"e","N","","367","1631493832392","Pessoa.java"
"k","N",,"368","1631493832415","Pessoa.java"
"e","o","","368","1631493832792","Pessoa.java"
"k","o",,"369","1631493832800","Pessoa.java"
"e","t","","369","1631493832998","Pessoa.java"
"k","t",,"370","1631493833008","Pessoa.java"
"e","E","","370","1631493833695","Pessoa.java"
"k","E",,"371","1631493833714","Pessoa.java"
"e","m","","371","1631493834609","Pessoa.java"
"k","m",,"372","1631493834611","Pessoa.java"
"e","p","","372","1631493836253","Pessoa.java"
"k","p",,"373","1631493836255","Pessoa.java"
"e","t","","373","1631493836305","Pessoa.java"
"k","t",,"374","1631493836307","Pessoa.java"
"e","y","","374","1631493836345","Pessoa.java"
"k","y",,"375","1631493836347","Pessoa.java"
"a","Enter",,,"1631493837947","Pessoa.java"
"e","
    p","","375","1631493842357","Pessoa.java"
"k","p",,"381","1631493842358","Pessoa.java"
"e","r","","381","1631493842537","Pessoa.java"
"k","r",,"382","1631493842538","Pessoa.java"
"e","i","","382","1631493842965","Pessoa.java"
"k","i",,"383","1631493842978","Pessoa.java"
"e","v","","383","1631493843242","Pessoa.java"
"k","v",,"384","1631493843250","Pessoa.java"
"e","a","","384","1631493843405","Pessoa.java"
"k","a",,"385","1631493843410","Pessoa.java"
"e","t","","385","1631493843577","Pessoa.java"
"k","t",,"386","1631493843582","Pessoa.java"
"e","e","","386","1631493843684","Pessoa.java"
"k","e",,"387","1631493843689","Pessoa.java"
"k"," ",,"388","1631493843818","Pessoa.java"
"e"," S","","387","1631493844306","Pessoa.java"
"k","S",,"389","1631493844307","Pessoa.java"
"e","t","","389","1631493844800","Pessoa.java"
"k","t",,"390","1631493844809","Pessoa.java"
"e","r","","390","1631493844907","Pessoa.java"
"k","r",,"391","1631493844918","Pessoa.java"
"e","i","","391","1631493844965","Pessoa.java"
"k","i",,"392","1631493844975","Pessoa.java"
"e","n","","392","1631493845087","Pessoa.java"
"k","n",,"393","1631493845107","Pessoa.java"
"e","g","","393","1631493845203","Pessoa.java"
"k","g",,"394","1631493845211","Pessoa.java"
"k"," ",,"395","1631493845306","Pessoa.java"
"e"," e","","394","1631493845487","Pessoa.java"
"k","e",,"396","1631493845489","Pessoa.java"
"e","m","","396","1631493845617","Pessoa.java"
"k","m",,"397","1631493845621","Pessoa.java"
"e","a","","397","1631493845772","Pessoa.java"
"k","a",,"398","1631493845775","Pessoa.java"
"e","i","","398","1631493846010","Pessoa.java"
"k","i",,"399","1631493846013","Pessoa.java"
"e","l","","399","1631493846232","Pessoa.java"
"k","l",,"400","1631493846233","Pessoa.java"
"e",";","","400","1631493847729","Pessoa.java"
"k",";",,"401","1631493847730","Pessoa.java"
"a","Enter",,,"1631493847756","Pessoa.java"
"e","
    ","","401","1631493847802","Pessoa.java"
"e","@","","406","1631493850730","Pessoa.java"
"k","@",,"407","1631493850732","Pessoa.java"
"e","N","","407","1631493851224","Pessoa.java"
"k","N",,"408","1631493851245","Pessoa.java"
"e","o","","408","1631493853183","Pessoa.java"
"k","o",,"409","1631493853195","Pessoa.java"
"e","t","","409","1631493853228","Pessoa.java"
"k","t",,"410","1631493853246","Pessoa.java"
"k"," ",,"411","1631493853346","Pessoa.java"
"a","Backspace",,,"1631493854479","Pessoa.java"
"e","E","","410","1631493855208","Pessoa.java"
"k","E",,"411","1631493855211","Pessoa.java"
"e","m","","411","1631493855944","Pessoa.java"
"k","m",,"412","1631493855946","Pessoa.java"
"e","p","","412","1631493856817","Pessoa.java"
"k","p",,"413","1631493856818","Pessoa.java"
"e","t","","413","1631493856856","Pessoa.java"
"k","t",,"414","1631493856857","Pessoa.java"
"e","y","","414","1631493856892","Pessoa.java"
"k","y",,"415","1631493856893","Pessoa.java"
"a","Enter",,,"1631493858406","Pessoa.java"
"e","
    p","","415","1631493862040","Pessoa.java"
"k","p",,"421","1631493862041","Pessoa.java"
"e","r","","421","1631493862142","Pessoa.java"
"k","r",,"422","1631493862143","Pessoa.java"
"e","i","","422","1631493862403","Pessoa.java"
"k","i",,"423","1631493862410","Pessoa.java"
"e","v","","423","1631493862760","Pessoa.java"
"k","v",,"424","1631493862767","Pessoa.java"
"e","a","","424","1631493862834","Pessoa.java"
"k","a",,"425","1631493862839","Pessoa.java"
"e","t","","425","1631493862956","Pessoa.java"
"k","t",,"426","1631493862961","Pessoa.java"
"e","e","","426","1631493863083","Pessoa.java"
"k","e",,"427","1631493863091","Pessoa.java"
"k"," ",,"428","1631493863226","Pessoa.java"
"e"," S","","427","1631493864156","Pessoa.java"
"k","S",,"429","1631493864157","Pessoa.java"
"e","t","","429","1631493864255","Pessoa.java"
"k","t",,"430","1631493864256","Pessoa.java"
"e","r","","430","1631493864434","Pessoa.java"
"k","r",,"431","1631493864434","Pessoa.java"
"e","i","","431","1631493864746","Pessoa.java"
"k","i",,"432","1631493864749","Pessoa.java"
"e","n","","432","1631493864956","Pessoa.java"
"k","n",,"433","1631493864957","Pessoa.java"
"k"," ",,"434","1631493864971","Pessoa.java"
"a","Backspace",,,"1631493866190","Pessoa.java"
"e","g","","433","1631493866411","Pessoa.java"
"k","g",,"434","1631493866412","Pessoa.java"
"k"," ",,"435","1631493866651","Pessoa.java"
"k","t",,"436","1631493867110","Pessoa.java"
"e"," t","","434","1631493867107","Pessoa.java"
"e","e","","436","1631493867286","Pessoa.java"
"k","e",,"437","1631493867288","Pessoa.java"
"e","l","","437","1631493867652","Pessoa.java"
"k","l",,"438","1631493867653","Pessoa.java"
"e","e","","438","1631493868749","Pessoa.java"
"k","e",,"439","1631493868751","Pessoa.java"
"e","f","","439","1631493868814","Pessoa.java"
"k","f",,"440","1631493868815","Pessoa.java"
"e","o","","440","1631493869041","Pessoa.java"
"k","o",,"441","1631493869043","Pessoa.java"
"e","n","","441","1631493869167","Pessoa.java"
"k","n",,"442","1631493869168","Pessoa.java"
"e","e","","442","1631493869220","Pessoa.java"
"k","e",,"443","1631493869222","Pessoa.java"
"e",";","","443","1631493870675","Pessoa.java"
"k",";",,"444","1631493870677","Pessoa.java"
"a","Paste",,,"1631493909800","Pessoa.java"
"p","import java.io.Serializable;
import javax.persistence.*;
import lombok.Data;",,"44","1631493909801","Pessoa.java"
"e","import java.io.Serializable;
import javax.persistence.*;
import lombok.Data;","","44","1631493909846","Pessoa.java"
"a","EditorChange",,,"1631493915824","Pessoa.java"
"a","EditorChange",,,"1631493920310","Pessoa.java"
"e"," ","","208","1631493923452","Pessoa.java"
"k"," ",,"208","1631493923453","Pessoa.java"
"e","i","","208","1631493923683","Pessoa.java"
"k","i",,"209","1631493923684","Pessoa.java"
"e","m","","209","1631493923887","Pessoa.java"
"k","m",,"210","1631493923891","Pessoa.java"
"a","Choose Lookup Item",,,"1631493924527","Pessoa.java"
"e","plements","","210","1631493924634","Pessoa.java"
"e"," ","","219","1631493924678","Pessoa.java"
"e","S","","219","1631493925375","Pessoa.java"
"k","S",,"220","1631493925377","Pessoa.java"
"e","e","","220","1631493925722","Pessoa.java"
"k","e",,"221","1631493925728","Pessoa.java"
"e","r","","221","1631493925860","Pessoa.java"
"k","r",,"222","1631493925871","Pessoa.java"
"a","Choose Lookup Item",,,"1631493926612","Pessoa.java"
"e","ializable","","222","1631493926680","Pessoa.java"
"a","Backspace",,,"1631493932919","Pessoa.java"
"e","","
import javax.persistence.*;","120","1631493933388","Pessoa.java"
"a","EditorChange",,,"1631493934878","Pessoa.java"
"a","Backspace",,,"1631494185207","Pessoa.java"
"e","","y","320","1631494185260","Pessoa.java"
"a","Backspace",,,"1631494185726","Pessoa.java"
"e","","t","319","1631494185760","Pessoa.java"
"a","Backspace",,,"1631494185774","Pessoa.java"
"e","","i","318","1631494185807","Pessoa.java"
"a","Backspace",,,"1631494185822","Pessoa.java"
"e","","t","317","1631494185854","Pessoa.java"
"a","Backspace",,,"1631494185869","Pessoa.java"
"e","","n","316","1631494185940","Pessoa.java"
"a","Backspace",,,"1631494185957","Pessoa.java"
"e","","e","315","1631494186256","Pessoa.java"
"a","Backspace",,,"1631494186264","Pessoa.java"
"e","","d","314","1631494186354","Pessoa.java"
"a","Backspace",,,"1631494186357","Pessoa.java"
"e","","I","313","1631494186391","Pessoa.java"
"a","Backspace",,,"1631494186406","Pessoa.java"
"e","",".","312","1631494186445","Pessoa.java"
"a","Backspace",,,"1631494186448","Pessoa.java"
"e","","e","311","1631494186926","Pessoa.java"
"a","Backspace",,,"1631494186949","Pessoa.java"
"e","","p","310","1631494186986","Pessoa.java"
"e","p","","310","1631494188584","Pessoa.java"
"k","p",,"311","1631494188585","Pessoa.java"
"e","w","","311","1631494188934","Pessoa.java"
"k","w",,"312","1631494188936","Pessoa.java"
"a","Backspace",,,"1631494190279","Pessoa.java"
"e","","w","311","1631494190385","Pessoa.java"
"e","e","","311","1631494190478","Pessoa.java"
"k","e",,"312","1631494190479","Pessoa.java"
"e",".","","312","1631494192128","Pessoa.java"
"k",".",,"313","1631494192128","Pessoa.java"
"a","Choose Lookup Item",,,"1631494193433","Pessoa.java"
"e","IDENTITY","","313","1631494193478","Pessoa.java"
"a","Right",,,"1631494194412","Pessoa.java"
"a","Down",,,"1631494194790","Pessoa.java"
"a","EditorChange",,,"1631494242457","Pessoa.java"
"e","javax.validation.constraints.","","356","1631494370921","Pessoa.java"
"e","import javax.validation.constraints.NotEmpty;","","100","1631494370986","Pessoa.java"
"e","","javax.validation.constraints.","401","1631494371001","Pessoa.java"
"e","","import java.io.Serializable;","44","1631494371021","Pessoa.java"
"e","
","","72","1631494371021","Pessoa.java"
"e","","lombok.Data","126","1631494371021","Pessoa.java"
"e","java.io.Serializable","","126","1631494371022","Pessoa.java"
"a","Left",,,"1631495169757","Pessoa.java"
"a","Left",,,"1631495170276","Pessoa.java"
"a","Left",,,"1631495170310","Pessoa.java"
"a","Left",,,"1631495170344","Pessoa.java"
"a","Left",,,"1631495170378","Pessoa.java"
"a","Left",,,"1631495170412","Pessoa.java"
"a","Left",,,"1631495170447","Pessoa.java"
"a","Left",,,"1631495170481","Pessoa.java"
"a","Left",,,"1631495170515","Pessoa.java"
"a","Left",,,"1631495170552","Pessoa.java"
"a","Left",,,"1631495170583","Pessoa.java"
"a","Left",,,"1631495170618","Pessoa.java"
"a","Left",,,"1631495170652","Pessoa.java"
"a","Left",,,"1631495170687","Pessoa.java"
"a","Left",,,"1631495170720","Pessoa.java"
"a","Left",,,"1631495170755","Pessoa.java"
"a","Left",,,"1631495170789","Pessoa.java"
"a","Left",,,"1631495170823","Pessoa.java"
"a","Left",,,"1631495170858","Pessoa.java"
"a","Left",,,"1631495170892","Pessoa.java"
"a","Left",,,"1631495170927","Pessoa.java"
"a","Left",,,"1631495170961","Pessoa.java"
"a","Left",,,"1631495170995","Pessoa.java"
"e","/","","163","1631495172135","Pessoa.java"
"k","/",,"164","1631495172136","Pessoa.java"
"e","/","","163","1631495172321","Pessoa.java"
"k","/",,"165","1631495172321","Pessoa.java"
"e","/","","291","1631495233851","Pessoa.java"
"k","/",,"292","1631495233852","Pessoa.java"
"e","/","","292","1631495234007","Pessoa.java"
"k","/",,"293","1631495234008","Pessoa.java"
"a","Down",,,"1631495234335","Pessoa.java"
"a","Left",,,"1631495234729","Pessoa.java"
"a","Left",,,"1631495234921","Pessoa.java"
"e","/","","301","1631495236879","Pessoa.java"
"k","/",,"302","1631495236880","Pessoa.java"
"e","/","","302","1631495237115","Pessoa.java"
"k","/",,"303","1631495237116","Pessoa.java"
"a","EditorChange",,,"1631495266676","Pessoa.java"
"a","EditorChange",,,"1631495269360","Pessoa.java"
"a","EditorChange",,,"1631495274747","Pessoa.java"
"a","EditorChange",,,"1631495281224","Pessoa.java"
"a","EditorChange",,,"1631495284129","Pessoa.java"
"e","/","","237","1631495289346","Pessoa.java"
"k","/",,"238","1631495289347","Pessoa.java"
"e","/","","238","1631495289513","Pessoa.java"
"k","/",,"239","1631495289514","Pessoa.java"
"a","Up",,,"1631495291167","Pessoa.java"
"a","Right",,,"1631495291747","Pessoa.java"
"a","Right",,,"1631495292265","Pessoa.java"
"a","Right",,,"1631495292299","Pessoa.java"
"a","Right",,,"1631495292333","Pessoa.java"
"a","Right",,,"1631495292368","Pessoa.java"
"a","Right",,,"1631495292403","Pessoa.java"
"a","Right",,,"1631495292436","Pessoa.java"
"a","Right",,,"1631495292470","Pessoa.java"
"a","Right",,,"1631495292505","Pessoa.java"
"a","Right",,,"1631495292540","Pessoa.java"
"a","Right",,,"1631495292575","Pessoa.java"
"a","Right",,,"1631495292607","Pessoa.java"
"a","Right",,,"1631495292642","Pessoa.java"
"a","Right",,,"1631495292676","Pessoa.java"
"a","Right",,,"1631495292711","Pessoa.java"
"a","Right",,,"1631495292745","Pessoa.java"
"a","Right",,,"1631495292779","Pessoa.java"
"a","Right",,,"1631495292813","Pessoa.java"
"a","Right",,,"1631495292848","Pessoa.java"
"a","Right",,,"1631495292882","Pessoa.java"
"a","Right",,,"1631495292916","Pessoa.java"
"a","Right",,,"1631495292949","Pessoa.java"
"a","Right",,,"1631495292985","Pessoa.java"
"a","Right",,,"1631495293020","Pessoa.java"
"a","Right",,,"1631495293053","Pessoa.java"
"a","Right",,,"1631495293421","Pessoa.java"
"a","Right",,,"1631495293939","Pessoa.java"
"a","Right",,,"1631495293971","Pessoa.java"
"a","Right",,,"1631495294005","Pessoa.java"
"a","Right",,,"1631495294041","Pessoa.java"
"a","Right",,,"1631495294076","Pessoa.java"
"a","Right",,,"1631495294110","Pessoa.java"
"a","Right",,,"1631495294144","Pessoa.java"
"a","Right",,,"1631495294177","Pessoa.java"
"a","Right",,,"1631495294212","Pessoa.java"
"a","Right",,,"1631495294248","Pessoa.java"
"a","Right",,,"1631495294429","Pessoa.java"
"a","Right",,,"1631495294623","Pessoa.java"
"a","Right",,,"1631495294828","Pessoa.java"
"a","Backspace",,,"1631495295574","Pessoa.java"
"e","","e","231","1631495295592","Pessoa.java"
"a","Backspace",,,"1631495296090","Pessoa.java"
"e","","l","230","1631495296107","Pessoa.java"
"a","Backspace",,,"1631495296124","Pessoa.java"
"e","","b","229","1631495296130","Pessoa.java"
"a","Backspace",,,"1631495296158","Pessoa.java"
"e","","a","228","1631495296222","Pessoa.java"
"a","Backspace",,,"1631495296228","Pessoa.java"
"e","","z","227","1631495296348","Pessoa.java"
"a","Backspace",,,"1631495296349","Pessoa.java"
"e","","i","226","1631495296416","Pessoa.java"
"a","Backspace",,,"1631495296426","Pessoa.java"
"e","","l","225","1631495296444","Pessoa.java"
"a","Backspace",,,"1631495296445","Pessoa.java"
"e","","a","224","1631495296450","Pessoa.java"
"a","Backspace",,,"1631495296451","Pessoa.java"
"e","","i","223","1631495296457","Pessoa.java"
"a","Backspace",,,"1631495296458","Pessoa.java"
"e","","r","222","1631495296475","Pessoa.java"
"a","Backspace",,,"1631495296476","Pessoa.java"
"e","","e","221","1631495296481","Pessoa.java"
"a","Backspace",,,"1631495296502","Pessoa.java"
"e","","S","220","1631495296509","Pessoa.java"
"a","Backspace",,,"1631495296510","Pessoa.java"
"e",""," ","220","1631495296516","Pessoa.java"
"a","Backspace",,,"1631495296522","Pessoa.java"
"e","","s","218","1631495296537","Pessoa.java"
"a","Backspace",,,"1631495296546","Pessoa.java"
"e","","t","217","1631495296553","Pessoa.java"
"a","Backspace",,,"1631495296572","Pessoa.java"
"e","","n","216","1631495296581","Pessoa.java"
"a","Backspace",,,"1631495296603","Pessoa.java"
"e","","e","215","1631495296609","Pessoa.java"
"a","Backspace",,,"1631495296637","Pessoa.java"
"e","","m","214","1631495296643","Pessoa.java"
"a","Backspace",,,"1631495296672","Pessoa.java"
"e","","e","213","1631495296677","Pessoa.java"
"a","Backspace",,,"1631495297046","Pessoa.java"
"e","","l","212","1631495297060","Pessoa.java"
"a","Backspace",,,"1631495297230","Pessoa.java"
"e","","p","211","1631495297237","Pessoa.java"
"a","Backspace",,,"1631495297390","Pessoa.java"
"e","","m","210","1631495297400","Pessoa.java"
"a","Backspace",,,"1631495297794","Pessoa.java"
"e","","i","209","1631495297870","Pessoa.java"
"e","","*","70","1631495298220","Pessoa.java"
"e","Entity","","70","1631495298221","Pessoa.java"
"e","","
import java.io.Serializable;","123","1631495298220","Pessoa.java"
"a","Down",,,"1631495299023","Pessoa.java"
"a","Down",,,"1631495299541","Pessoa.java"
"a","Down",,,"1631495299575","Pessoa.java"
"a","Down",,,"1631495299610","Pessoa.java"
"a","Down",,,"1631495299644","Pessoa.java"
"a","Down",,,"1631495299677","Pessoa.java"
"a","Down",,,"1631495299712","Pessoa.java"
"a","Down",,,"1631495299746","Pessoa.java"
"a","Down",,,"1631495299781","Pessoa.java"
"a","Up",,,"1631495299997","Pessoa.java"
"a","Up",,,"1631495300516","Pessoa.java"
"a","Up",,,"1631495300550","Pessoa.java"
"a","Up",,,"1631495300584","Pessoa.java"
"a","Up",,,"1631495300618","Pessoa.java"
"a","Up",,,"1631495300653","Pessoa.java"
"a","Up",,,"1631495300687","Pessoa.java"
"a","Up",,,"1631495300721","Pessoa.java"
"a","Up",,,"1631495300755","Pessoa.java"
"a","Up",,,"1631495300790","Pessoa.java"
"a","Up",,,"1631495300825","Pessoa.java"
"a","Up",,,"1631495300857","Pessoa.java"
"a","Up",,,"1631495300891","Pessoa.java"
"a","Down",,,"1631495301358","Pessoa.java"
"a","Down",,,"1631495301573","Pessoa.java"
"a","Left",,,"1631495301964","Pessoa.java"
"a","Left",,,"1631495302483","Pessoa.java"
"a","Left",,,"1631495302517","Pessoa.java"
"a","Left",,,"1631495302551","Pessoa.java"
"a","Left",,,"1631495302586","Pessoa.java"
"a","Left",,,"1631495302619","Pessoa.java"
"a","Left",,,"1631495302814","Pessoa.java"
"e","/","","131","1631495303674","Pessoa.java"
"k","/",,"132","1631495303675","Pessoa.java"
"e","/","","131","1631495304502","Pessoa.java"
"k","/",,"133","1631495304503","Pessoa.java"
"e","","import javax.persistence.Entity;
","45","1631495304602","Pessoa.java"
"a","Down",,,"1631495304966","Pessoa.java"
"a","Down",,,"1631495305203","Pessoa.java"
"a","Down",,,"1631495306582","Pessoa.java"
"a","Down",,,"1631495307100","Pessoa.java"
"a","Down",,,"1631495307134","Pessoa.java"
"a","Down",,,"1631495307169","Pessoa.java"
"a","Down",,,"1631495307203","Pessoa.java"
"a","Down",,,"1631495307236","Pessoa.java"
"a","Down",,,"1631495307271","Pessoa.java"
"a","Down",,,"1631495307305","Pessoa.java"
"a","Down",,,"1631495307339","Pessoa.java"
"a","Down",,,"1631495307374","Pessoa.java"
"a","Down",,,"1631495307408","Pessoa.java"
"a","Down",,,"1631495307442","Pessoa.java"
"a","Down",,,"1631495307476","Pessoa.java"
"a","Down",,,"1631495307511","Pessoa.java"
"a","Down",,,"1631495307545","Pessoa.java"
"a","Down",,,"1631495307579","Pessoa.java"
"a","Down",,,"1631495307614","Pessoa.java"
"a","Undefined",,,"1631495450611","Pessoa.java"
"a","Left",,,"1631552333711","Pessoa.java"
"a","Left",,,"1631552333899","Pessoa.java"
"a","Left",,,"1631552334063","Pessoa.java"
"a","Left",,,"1631552334226","Pessoa.java"
"a","Left",,,"1631552334382","Pessoa.java"
"a","Left",,,"1631552334544","Pessoa.java"
"a","Left",,,"1631552334707","Pessoa.java"
"a","Backspace",,,"1631552335219","Pessoa.java"
"e","","/","98","1631552335240","Pessoa.java"
"a","Backspace",,,"1631552335394","Pessoa.java"
"e","","/","98","1631552335415","Pessoa.java"
"a","Add Import",,,"1631552339199","Pessoa.java"
"e","javax.persistence.","","99","1631552339237","Pessoa.java"
"e","avax.persistence.Entity;import j","","53","1631552339276","Pessoa.java"
"e","","javax.persistence.","131","1631552339307","Pessoa.java"
"e","
","","77","1631552339411","Pessoa.java"
"a","Down",,,"1631552340243","Pessoa.java"
"a","Right",,,"1631552341040","Pessoa.java"
"a","Right",,,"1631552341578","Pessoa.java"
"a","Backspace",,,"1631552342068","Pessoa.java"
"e","","/","139","1631552342161","Pessoa.java"
"a","Backspace",,,"1631552342258","Pessoa.java"
"e","","/","139","1631552342283","Pessoa.java"
"a","Add Import",,,"1631552347002","Pessoa.java"
"e","javax.persistence.","","140","1631552347040","Pessoa.java"
"e","avax.persistence.Table;import j","","86","1631552347078","Pessoa.java"
"e","","javax.persistence.","171","1631552347109","Pessoa.java"
"e","
","","109","1631552347168","Pessoa.java"
"a","Down",,,"1631552348619","Pessoa.java"
"a","Down",,,"1631552348861","Pessoa.java"
"a","Down",,,"1631552349055","Pessoa.java"
"a","Down",,,"1631552349239","Pessoa.java"
"a","Down",,,"1631552349423","Pessoa.java"
"a","Down",,,"1631552349611","Pessoa.java"
"a","Down",,,"1631552349797","Pessoa.java"
"a","Down",,,"1631552349971","Pessoa.java"
"e","i","","215","1631552362496","Pessoa.java"
"k","i",,"216","1631552362498","Pessoa.java"
"e","m","","216","1631552363447","Pessoa.java"
"k","m",,"217","1631552363452","Pessoa.java"
"e","p","","217","1631552364334","Pessoa.java"
"k","p",,"218","1631552364341","Pessoa.java"
"e","l","","218","1631552364569","Pessoa.java"
"k","l",,"219","1631552364576","Pessoa.java"
"e","m","","219","1631552364767","Pessoa.java"
"k","m",,"220","1631552364780","Pessoa.java"
"e","e","","220","1631552365200","Pessoa.java"
"k","e",,"221","1631552365202","Pessoa.java"
"e","n","","221","1631552365339","Pessoa.java"
"k","n",,"222","1631552365351","Pessoa.java"
"e","t","","222","1631552365480","Pessoa.java"
"k","t",,"223","1631552365483","Pessoa.java"
"a","Backspace",,,"1631552365744","Pessoa.java"
"e","","t","222","1631552365952","Pessoa.java"
"a","Backspace",,,"1631552365979","Pessoa.java"
"e","","n","221","1631552366017","Pessoa.java"
"a","Backspace",,,"1631552366104","Pessoa.java"
"e","","e","220","1631552366136","Pessoa.java"
"a","Backspace",,,"1631552366572","Pessoa.java"
"e","","m","219","1631552366612","Pessoa.java"
"e","e","","219","1631552367249","Pessoa.java"
"k","e",,"220","1631552367252","Pessoa.java"
"e","m","","220","1631552367428","Pessoa.java"
"k","m",,"221","1631552367435","Pessoa.java"
"e","e","","221","1631552367537","Pessoa.java"
"k","e",,"222","1631552367545","Pessoa.java"
"e","n","","222","1631552367645","Pessoa.java"
"k","n",,"223","1631552367655","Pessoa.java"
"e","t","","223","1631552367753","Pessoa.java"
"k","t",,"224","1631552367763","Pessoa.java"
"e","s","","224","1631552368003","Pessoa.java"
"k","s",,"225","1631552368018","Pessoa.java"
"e"," ","","226","1631552368246","Pessoa.java"
"k"," ",,"226","1631552368247","Pessoa.java"
"e","S","","226","1631552369748","Pessoa.java"
"k","S",,"227","1631552369750","Pessoa.java"
"e","e","","227","1631552369993","Pessoa.java"
"k","e",,"228","1631552369994","Pessoa.java"
"e","r","","228","1631552370220","Pessoa.java"
"k","r",,"229","1631552370229","Pessoa.java"
"e","i","","229","1631552370393","Pessoa.java"
"k","i",,"230","1631552370401","Pessoa.java"
"e","a","","230","1631552370523","Pessoa.java"
"k","a",,"231","1631552370528","Pessoa.java"
"e","l","","231","1631552370810","Pessoa.java"
"k","l",,"232","1631552370816","Pessoa.java"
"e","i","","232","1631552371405","Pessoa.java"
"k","i",,"233","1631552371413","Pessoa.java"
"e","z","","233","1631552372786","Pessoa.java"
"k","z",,"234","1631552372806","Pessoa.java"
"e","a","","234","1631552373114","Pessoa.java"
"k","a",,"235","1631552373121","Pessoa.java"
"a","Choose Lookup Item",,,"1631552374014","Pessoa.java"
"e","ble","","235","1631552374072","Pessoa.java"
"e","java.io.","","226","1631552374168","Pessoa.java"
"e","import java.io.Serializable;","","155","1631552374194","Pessoa.java"
"e","","java.io.","254","1631552374462","Pessoa.java"
"e","
","","155","1631552374592","Pessoa.java"
"a","Up",,,"1631552382784","Pessoa.java"
"a","Left",,,"1631552383483","Pessoa.java"
"a","Left",,,"1631552383688","Pessoa.java"
"a","Left",,,"1631552383880","Pessoa.java"
"a","Left",,,"1631552384055","Pessoa.java"
"a","Left",,,"1631552384257","Pessoa.java"
"a","Backspace",,,"1631552384717","Pessoa.java"
"e","","/","273","1631552384731","Pessoa.java"
"a","Backspace",,,"1631552384906","Pessoa.java"
"e","","/","272","1631552384954","Pessoa.java"
"a","Backspace",,,"1631552396793","Pessoa.java"
"e","","/","327","1631552396808","Pessoa.java"
"a","Backspace",,,"1631552396965","Pessoa.java"
"e","","/","326","1631552396982","Pessoa.java"
"a","Down",,,"1631552397529","Pessoa.java"
"a","Right",,,"1631552397891","Pessoa.java"
"a","Right",,,"1631552398078","Pessoa.java"
"a","Backspace",,,"1631552398725","Pessoa.java"
"e","","/","335","1631552398745","Pessoa.java"
"a","Backspace",,,"1631552398910","Pessoa.java"
"e","","/","334","1631552398924","Pessoa.java"
"a","Import class",,,"1631552401995","Pessoa.java"
"a","Add Import",,,"1631552403196","Pessoa.java"
"e","javax.persistence.","","328","1631552403436","Pessoa.java"
"e",".persistence.Id;import javax","","90","1631552403652","Pessoa.java"
"e","","javax.persistence.","356","1631552403807","Pessoa.java"
"e","
","","106","1631552403852","Pessoa.java"
"a","Import class",,,"1631552405668","Pessoa.java"
"e","javax.persistence.","","365","1631552405691","Pessoa.java"
"e",".persistence.GeneratedValue;import javax","","90","1631552405723","Pessoa.java"
"e","","javax.persistence.","405","1631552405756","Pessoa.java"
"e","
","","118","1631552405801","Pessoa.java"
"a","Import class",,,"1631552409804","Pessoa.java"
"e","javax.persistence.","","432","1631552409849","Pessoa.java"
"e","avax.persistence.*;import j","","53","1631552409882","Pessoa.java"
"e","","import javax.persistence.Entity;","72","1631552409896","Pessoa.java"
"e","","import javax.persistence.GeneratedValue;","73","1631552409913","Pessoa.java"
"e","","
","73","1631552409927","Pessoa.java"
"e","","import javax.persistence.Id;","73","1631552409941","Pessoa.java"
"e","","
","73","1631552409954","Pessoa.java"
"e","","import javax.persistence.Table;","73","1631552409969","Pessoa.java"
"e","","
","73","1631552409984","Pessoa.java"
"e","","javax.persistence.","325","1631552410059","Pessoa.java"
"a","Create package",,,"1631552723626","Pessoa.java"
"a","Deleting directory web",,,"1631552734826","Pessoa.java"
"a","Create package",,,"1631552747751","Pessoa.java"
"a","Moving class Spring.HelloWorldSpringIntellijApplication to package Spring.web",,,"1631552760156","Pessoa.java"
"a","Moving class Spring.PrimeiroControlador to package Spring.web",,,"1631552781147","Pessoa.java"
"a","Create package",,,"1631552795111","Pessoa.java"
"a","Creating class Spring.dao.IPessoaDao",,,"1631552814694","Pessoa.java"
"e","","import javax.validation.constraints.NotEmpty;
","73","1631557882338","Pessoa.java"
"e","","","102","1631557882338","Pessoa.java"
"e","","    @NotEmpty","332","1631557882338","Pessoa.java"
"e","","","333","1631557882339","Pessoa.java"
"e","","    @NotEmpty","358","1631557882338","Pessoa.java"
"e","","","359","1631557882339","Pessoa.java"
"e","","    @NotEmpty","389","1631557882338","Pessoa.java"
"e","","","390","1631557882339","Pessoa.java"
"e","","    @NotEmpty","416","1631557882338","Pessoa.java"
"e","package Spring.web.domain;

import lombok.Data;

import javax.persistence.*;
import java.io.Serializable;

@Data
@Entity
@Table(name = ""pessoa"")
public class Pessoa implements Serializable {
    private static final long serialVersionUID = 1L;
    @Id
    @GeneratedValue(strategy = GenerationType.IDENTITY)
    private Long id_pessoa;

    private String nome;

    private String sobrenome;

    private String email;

    private String telefone;

}
","","0","1631558061456","Pessoa.java"
