"e","<!DOCTYPE html>
<html lang=""en"">
<head>
    <meta charset=""UTF-8"">
    <title>$Title$</title>
</head>
<body>
$END$
</body>
</html>","","0","1631491666129","index.html"
"e","","$Title$","78","1631491666409","index.html"
"e","","$END$","102","1631491666409","index.html"
"e","Title","","78","1631491666475","index.html"
"a","Paste",,,"1631491683032","index.html"
"p","<html>
    <head>
        <title>Início</title>
        <meta charset=""UTF-8"">
        <meta name=""viewport"" content=""width=device-width, initial-scale=1.0"">
    </head>
    <body>
        <h1> Início</h1>
    </body>
</html>
",,"123","1631491683184","index.html"
"e",""," lang=""en"">
<head>
    <meta charset=""UTF-8"">
    <title>Title</title>
","21","1631491683235","index.html"
"e",">
    <head>
        <title>Início</title>
        <meta charset=""UTF-8"">
        <meta name=""viewport"" content=""width=device-width, initial-scale=1.0"">
    ","","21","1631491683236","index.html"
"e","    ","","186","1631491683235","index.html"
"e","","
","197","1631491683236","index.html"
"e","        <h1> Início</h1>
    ","","197","1631491683237","index.html"
"e","
","","241","1631491683235","index.html"
"e","","    ","23","1631491683334","index.html"
"e","","    ","30","1631491683369","index.html"
"e","","    ","56","1631491683404","index.html"
"e","","    ","83","1631491683433","index.html"
"e","","    ","158","1631491683470","index.html"
"e","","    ","166","1631491683529","index.html"
"e","","        ","173","1631491683592","index.html"
"e","","    ","190","1631491684207","index.html"
"e"," ","","21","1631491767254","index.html"
"k"," ",,"22","1631491767255","index.html"
"a","Paste",,,"1631491767996","index.html"
"p","xmlns:th=""http://www.thymeleaf.org""
",,"22","1631491767999","index.html"
"e","xmlns:th=""http://www.thymeleaf.org""
","","22","1631491768033","index.html"
"a","Backspace",,,"1631491771627","index.html"
"e","","
","57","1631491771663","index.html"
"a","Right",,,"1631491786135","index.html"
"e"," ","","212","1631491786547","index.html"
"k"," ",,"213","1631491786548","index.html"
"e","t","","213","1631491786980","index.html"
"k","t",,"214","1631491786996","index.html"
"e","h","","214","1631491787118","index.html"
"k","h",,"215","1631491787128","index.html"
"e",":","","215","1631491787760","index.html"
"k",":",,"216","1631491787767","index.html"
"e","t","","216","1631491788124","index.html"
"k","t",,"217","1631491788125","index.html"
"e","e","","217","1631491788227","index.html"
"k","e",,"218","1631491788228","index.html"
"e","x","","218","1631491788552","index.html"
"k","x",,"219","1631491788554","index.html"
"e","t","","219","1631491789355","index.html"
"k","t",,"220","1631491789356","index.html"
"e","=","","220","1631491790963","index.html"
"e","""""","","221","1631491791007","index.html"
"k","=",,"222","1631491791008","index.html"
"e","'","","222","1631491793439","index.html"
"k","'",,"223","1631491793442","index.html"
"a","Backspace",,,"1631491795121","index.html"
"e","","'","222","1631491795155","index.html"
"e","H","","222","1631491796817","index.html"
"k","H",,"223","1631491796818","index.html"
"e","e","","223","1631491796939","index.html"
"k","e",,"224","1631491796940","index.html"
"e","l","","224","1631491797237","index.html"
"k","l",,"225","1631491797238","index.html"
"e","l","","225","1631491797385","index.html"
"k","l",,"226","1631491797385","index.html"
"e","o","","226","1631491797703","index.html"
"k","o",,"227","1631491797704","index.html"
"a","Left",,,"1631491803395","index.html"
"a","Backspace",,,"1631491804532","index.html"
"e","","o","235","1631491804574","index.html"
"a","Backspace",,,"1631491804714","index.html"
"e","","i","234","1631491804758","index.html"
"a","Backspace",,,"1631491804871","index.html"
"e","","c","233","1631491804894","index.html"
"a","Backspace",,,"1631491805029","index.html"
"e","","í","232","1631491805054","index.html"
"a","Backspace",,,"1631491805187","index.html"
"e","","n","231","1631491805214","index.html"
"a","Backspace",,,"1631491805366","index.html"
"e","","I","230","1631491805389","index.html"
"a","Backspace",,,"1631491805781","index.html"
"e",""," ","229","1631491805912","index.html"
"a","Undo Backspace",,,"1631491813069","index.html"
"a","Undo Backspace",,,"1631491813474","index.html"
"e"," ","","229","1631491813610","index.html"
"e","I","","230","1631491813696","index.html"
"e","n","","231","1631491813745","index.html"
"e","í","","232","1631491813778","index.html"
"e","c","","233","1631491813900","index.html"
"e","i","","234","1631491813970","index.html"
"e","o","","235","1631491814161","index.html"
"a","Enter",,,"1631491818576","index.html"
"e","
","","242","1631491818618","index.html"
"e","p","","242","1631491819458","index.html"
"k","p",,"243","1631491819459","index.html"
"a","Expand Live Template by Tab",,,"1631491819844","index.html"
"e","","p","242","1631491819885","index.html"
"e","<p></p>","","242","1631491819926","index.html"
"a","Left",,,"1631491821177","index.html"
"e","t","","244","1631491822091","index.html"
"k","t",,"245","1631491822092","index.html"
"e","t","","249","1631491822128","index.html"
"e","h","","245","1631491822241","index.html"
"k","h",,"246","1631491822243","index.html"
"e","h","","251","1631491822279","index.html"
"e",":","","246","1631491823139","index.html"
"k",":",,"247","1631491823141","index.html"
"e",":","","253","1631491823177","index.html"
"a","Left",,,"1631491825024","index.html"
"a","Left",,,"1631491825213","index.html"
"a","Left",,,"1631491825404","index.html"
"e"," ","","244","1631491825863","index.html"
"k"," ",,"245","1631491825871","index.html"
"e","t","","248","1631491827973","index.html"
"k","t",,"249","1631491827982","index.html"
"e","e","","249","1631491828115","index.html"
"k","e",,"250","1631491828117","index.html"
"e","x","","250","1631491828426","index.html"
"k","x",,"251","1631491828427","index.html"
"e","t","","251","1631491828685","index.html"
"k","t",,"252","1631491828687","index.html"
"e","=","","252","1631491829813","index.html"
"e","""""","","253","1631491829857","index.html"
"k","=",,"254","1631491829859","index.html"
"k","""",,"255","1631491830208","index.html"
"a","Left",,,"1631491831312","index.html"
"e","H","","254","1631491832190","index.html"
"k","H",,"255","1631491832191","index.html"
"e","e","","255","1631491832332","index.html"
"k","e",,"256","1631491832333","index.html"
"e","l","","256","1631491832761","index.html"
"k","l",,"257","1631491832762","index.html"
"e","l","","257","1631491832931","index.html"
"k","l",,"258","1631491832932","index.html"
"e","o","","258","1631491833066","index.html"
"k","o",,"259","1631491833067","index.html"
"a","Up",,,"1631491834565","index.html"
"a","Right",,,"1631491834917","index.html"
"a","Right",,,"1631491835100","index.html"
"a","Backspace",,,"1631491835951","index.html"
"e","","""","227","1631491835992","index.html"
"a","Backspace",,,"1631491836469","index.html"
"e","","o","226","1631491836514","index.html"
"a","Backspace",,,"1631491836523","index.html"
"e","","l","225","1631491836550","index.html"
"a","Backspace",,,"1631491836558","index.html"
"e","","l","224","1631491836587","index.html"
"a","Backspace",,,"1631491836597","index.html"
"e","","e","223","1631491836630","index.html"
"a","Backspace",,,"1631491836634","index.html"
"e","","H","222","1631491836727","index.html"
"a","Backspace",,,"1631491836741","index.html"
"e","","""","221","1631491836771","index.html"
"a","Backspace",,,"1631491836773","index.html"
"e","","=","220","1631491836810","index.html"
"a","Backspace",,,"1631491836812","index.html"
"e","","t","219","1631491836843","index.html"
"a","Backspace",,,"1631491836858","index.html"
"e","","x","218","1631491836890","index.html"
"a","Backspace",,,"1631491836893","index.html"
"e","","e","217","1631491836922","index.html"
"a","Backspace",,,"1631491836941","index.html"
"e","","t","216","1631491836977","index.html"
"a","Backspace",,,"1631491837640","index.html"
"e","",":","215","1631491837685","index.html"
"a","Backspace",,,"1631491837972","index.html"
"e","","h","214","1631491838023","index.html"
"a","Backspace",,,"1631491838184","index.html"
"e","","t","213","1631491838214","index.html"
"a","Backspace",,,"1631491838572","index.html"
"e",""," ","212","1631491838661","index.html"
"a","Add th:text to custom html attributes",,,"1631491850307","index.html"
"a","Backspace",,,"1631491855642","index.html"
"e","",":","250","1631491855695","index.html"
"a","Backspace",,,"1631491855815","index.html"
"e","","h","249","1631491855858","index.html"
"a","Backspace",,,"1631491855973","index.html"
"e","","t","248","1631491855996","index.html"
"a","Reload From Disk",,,"1631491861036","index.html"
"a","EditorChange",,,"1631491935525","index.html"
"a","Enter",,,"1631492346062","index.html"
"e","
","","250","1631492346099","index.html"
"e","p","","250","1631492347474","index.html"
"k","p",,"251","1631492347477","index.html"
"a","Expand Live Template by Tab",,,"1631492347898","index.html"
"e","","p","250","1631492347937","index.html"
"e","<p></p>","","250","1631492347977","index.html"
"a","Left",,,"1631492350379","index.html"
"e","t","","252","1631492351799","index.html"
"k","t",,"253","1631492351800","index.html"
"e","t","","257","1631492351983","index.html"
"e","h","","253","1631492352124","index.html"
"k","h",,"254","1631492352125","index.html"
"e","h","","259","1631492352160","index.html"
"a","Left",,,"1631492353682","index.html"
"a","Left",,,"1631492353684","index.html"
"e"," ","","252","1631492354501","index.html"
"k"," ",,"253","1631492354502","index.html"
"a","Undo Typing",,,"1631492356532","index.html"
"e",""," ","252","1631492356574","index.html"
"a","Undo Typing",,,"1631492356984","index.html"
"a","Undo Typing",,,"1631492357391","index.html"
"e","","h","259","1631492357425","index.html"
"e","","h","253","1631492357462","index.html"
"e","","t","257","1631492357516","index.html"
"e","","t","252","1631492357578","index.html"
"e"," ","","252","1631492358554","index.html"
"k"," ",,"253","1631492358555","index.html"
"e","t","","253","1631492359350","index.html"
"k","t",,"254","1631492359356","index.html"
"e","h","","254","1631492359487","index.html"
"k","h",,"255","1631492359496","index.html"
"e",":","","255","1631492360411","index.html"
"k",":",,"256","1631492360418","index.html"
"e","t","","256","1631492361660","index.html"
"k","t",,"257","1631492361666","index.html"
"e","e","","257","1631492362247","index.html"
"k","e",,"258","1631492362258","index.html"
"e","x","","258","1631492362514","index.html"
"k","x",,"259","1631492362519","index.html"
"e","t","","259","1631492363582","index.html"
"k","t",,"260","1631492363592","index.html"
"e","=","","260","1631492364984","index.html"
"e","""""","","261","1631492365013","index.html"
"k","=",,"262","1631492365014","index.html"
"a","Right",,,"1631492367136","index.html"
"a","Backspace",,,"1631492367558","index.html"
"e","","""","262","1631492367596","index.html"
"a","Backspace",,,"1631492367945","index.html"
"e","","""","261","1631492368020","index.html"
"e","'","","261","1631492368343","index.html"
"e","'","","262","1631492368374","index.html"
"k","'",,"262","1631492368374","index.html"
"e","$","","262","1631492372651","index.html"
"k","$",,"263","1631492372653","index.html"
"e","{","","263","1631492375132","index.html"
"e","}","","264","1631492375176","index.html"
"k","{",,"264","1631492375176","index.html"
"e","m","","264","1631492375719","index.html"
"k","m",,"265","1631492375719","index.html"
"e","e","","265","1631492375860","index.html"
"k","e",,"266","1631492375861","index.html"
"e","n","","266","1631492376010","index.html"
"k","n",,"267","1631492376011","index.html"
"e","s","","267","1631492377433","index.html"
"k","s",,"268","1631492377440","index.html"
"e","a","","268","1631492377537","index.html"
"k","a",,"269","1631492377547","index.html"
"e","e","","269","1631492379474","index.html"
"k","e",,"270","1631492379476","index.html"
"e","g","","270","1631492379519","index.html"
"k","g",,"271","1631492379521","index.html"
"e","m","","271","1631492379556","index.html"
"k","m",,"272","1631492379558","index.html"
"a","Right",,,"1631492379593","index.html"
"a","Backspace",,,"1631492380687","index.html"
"e","","}","272","1631492380713","index.html"
"a","Backspace",,,"1631492380908","index.html"
"e","","m","271","1631492380933","index.html"
"a","Backspace",,,"1631492381147","index.html"
"e","","g","270","1631492381185","index.html"
"a","Backspace",,,"1631492381348","index.html"
"e","","e","269","1631492381499","index.html"
"e","g","","269","1631492382865","index.html"
"k","g",,"270","1631492382867","index.html"
"e","e","","270","1631492382967","index.html"
"k","e",,"271","1631492382968","index.html"
"e","m","","271","1631492383081","index.html"
"k","m",,"272","1631492383081","index.html"
"e","}","","272","1631492384913","index.html"
"k","}",,"273","1631492384914","index.html"
"a","Right",,,"1631492385773","index.html"
"a","Right",,,"1631492385983","index.html"
"a","Right",,,"1631492386168","index.html"
"a","Right",,,"1631492387525","index.html"
"a","Right",,,"1631492387738","index.html"
"a","EditorChange",,,"1631492623047","index.html"
"a","Move Caret to Line Start with Selection",,,"1631492796313","index.html"
"a","Copy",,,"1631492797307","index.html"
"c","<p th:text='${mensagem}'></p>",,"250","1631492797308","index.html"
"a","Right",,,"1631492798059","index.html"
"a","Enter",,,"1631492798413","index.html"
"e","
","","280","1631492798853","index.html"
"a","Paste",,,"1631492799829","index.html"
"p","<p th:text='${mensagem}'></p>",,"280","1631492799829","index.html"
"e","<p th:text='${mensagem}'></p>","","280","1631492799865","index.html"
"a","Left",,,"1631492800533","index.html"
"a","Left",,,"1631492800722","index.html"
"a","Left",,,"1631492800898","index.html"
"a","Left",,,"1631492801060","index.html"
"a","Left",,,"1631492801234","index.html"
"a","Left",,,"1631492801407","index.html"
"a","Left",,,"1631492801765","index.html"
"a","Backspace",,,"1631492802305","index.html"
"e","","m","301","1631492802345","index.html"
"a","Backspace",,,"1631492802499","index.html"
"e","","e","300","1631492802633","index.html"
"a","Backspace",,,"1631492802673","index.html"
"e","","g","299","1631492802710","index.html"
"a","Backspace",,,"1631492802824","index.html"
"e","","a","298","1631492802846","index.html"
"a","Backspace",,,"1631492802989","index.html"
"e","","s","297","1631492803013","index.html"
"a","Backspace",,,"1631492803162","index.html"
"e","","n","296","1631492803196","index.html"
"a","Backspace",,,"1631492803441","index.html"
"e","","e","295","1631492803485","index.html"
"a","Backspace",,,"1631492803881","index.html"
"e","","m","294","1631492803925","index.html"
"e","s","","294","1631492804381","index.html"
"k","s",,"295","1631492804382","index.html"
"e","a","","295","1631492804513","index.html"
"k","a",,"296","1631492804514","index.html"
"e","u","","296","1631492804698","index.html"
"k","u",,"297","1631492804699","index.html"
"e","d","","297","1631492805037","index.html"
"k","d",,"298","1631492805052","index.html"
"e","a","","298","1631492805103","index.html"
"k","a",,"299","1631492805104","index.html"
"e","c","","299","1631492805278","index.html"
"k","c",,"300","1631492805279","index.html"
"e","a","","300","1631492805496","index.html"
"k","a",,"301","1631492805497","index.html"
"e","o","","301","1631492805628","index.html"
"k","o",,"302","1631492805629","index.html"
"a","Create package",,,"1631493353099","index.html"
"a","Creating class Spring.domain.Pessoa",,,"1631493361907","index.html"
"a","Enter",,,"1631494832972","index.html"
"e","
","","310","1631494833173","index.html"
"e","b","","310","1631494834928","index.html"
"k","b",,"311","1631494834930","index.html"
"e","r","","311","1631494835029","index.html"
"k","r",,"312","1631494835030","index.html"
"a","Expand Live Template by Tab",,,"1631494835803","index.html"
"e","","br","310","1631494835851","index.html"
"e","<br>","","310","1631494835879","index.html"
"a","Enter",,,"1631494836554","index.html"
"e","
","","315","1631494836601","index.html"
"e","N","","315","1631494838523","index.html"
"k","N",,"316","1631494838525","index.html"
"e","o","","316","1631494839010","index.html"
"k","o",,"317","1631494839011","index.html"
"e","m","","317","1631494839084","index.html"
"k","m",,"318","1631494839084","index.html"
"e","e","","318","1631494839184","index.html"
"k","e",,"319","1631494839184","index.html"
"e",":","","319","1631494840486","index.html"
"k",":",,"320","1631494840488","index.html"
"k"," ",,"321","1631494840598","index.html"
"e"," s","","320","1631494843472","index.html"
"k","s",,"322","1631494843473","index.html"
"e","p","","322","1631494843615","index.html"
"k","p",,"323","1631494843616","index.html"
"e","a","","323","1631494843707","index.html"
"k","a",,"324","1631494843708","index.html"
"e","n","","324","1631494844018","index.html"
"k","n",,"325","1631494844019","index.html"
"a","Expand Live Template by Tab",,,"1631494844311","index.html"
"e","","span","321","1631494844354","index.html"
"e","<span></span>","","321","1631494844384","index.html"
"a","Left",,,"1631494845717","index.html"
"e"," ","","326","1631494846521","index.html"
"k"," ",,"327","1631494846522","index.html"
"e","t","","327","1631494847247","index.html"
"k","t",,"328","1631494847258","index.html"
"e","h","","328","1631494847382","index.html"
"k","h",,"329","1631494847392","index.html"
"a","Choose Lookup Item",,,"1631494848484","index.html"
"e",":text","","329","1631494848536","index.html"
"e","=""""","","334","1631494848602","index.html"
"e","$","","336","1631494854508","index.html"
"k","$",,"337","1631494854509","index.html"
"e","{","","337","1631494855272","index.html"
"e","}","","338","1631494855309","index.html"
"k","{",,"338","1631494855310","index.html"
"e","}","","339","1631494855618","index.html"
"k","}",,"339","1631494855618","index.html"
"a","Left",,,"1631494856308","index.html"
"e","p","","338","1631494858213","index.html"
"k","p",,"339","1631494858214","index.html"
"e","e","","339","1631494858280","index.html"
"k","e",,"340","1631494858281","index.html"
"e","s","","340","1631494859051","index.html"
"k","s",,"341","1631494859052","index.html"
"e","s","","341","1631494859181","index.html"
"k","s",,"342","1631494859182","index.html"
"e","o","","342","1631494859218","index.html"
"k","o",,"343","1631494859219","index.html"
"e","a","","343","1631494859256","index.html"
"k","a",,"344","1631494859257","index.html"
"e",",","","344","1631494860703","index.html"
"k",",",,"345","1631494860705","index.html"
"a","Backspace",,,"1631494861057","index.html"
"e","",",","344","1631494861109","index.html"
"e",".","","344","1631494861425","index.html"
"k",".",,"345","1631494861426","index.html"
"e","n","","345","1631494861868","index.html"
"k","n",,"346","1631494861870","index.html"
"e","o","","346","1631494862004","index.html"
"k","o",,"347","1631494862005","index.html"
"e","m","","347","1631494862147","index.html"
"k","m",,"348","1631494862148","index.html"
"e","e","","348","1631494862304","index.html"
"k","e",,"349","1631494862305","index.html"
"a","Left",,,"1631494863485","index.html"
"a","Left",,,"1631494864003","index.html"
"a","Left",,,"1631494864037","index.html"
"a","Left",,,"1631494864071","index.html"
"a","Left",,,"1631494864106","index.html"
"a","Left",,,"1631494864140","index.html"
"a","Left",,,"1631494864174","index.html"
"a","Left",,,"1631494864209","index.html"
"a","Left",,,"1631494864243","index.html"
"a","Left",,,"1631494864277","index.html"
"a","Left",,,"1631494864310","index.html"
"a","Left",,,"1631494864345","index.html"
"a","Left",,,"1631494864379","index.html"
"a","Left",,,"1631494864414","index.html"
"a","Left",,,"1631494864448","index.html"
"a","Left",,,"1631494864483","index.html"
"a","Left",,,"1631494864517","index.html"
"a","Left",,,"1631494864551","index.html"
"a","Left",,,"1631494864585","index.html"
"a","Left",,,"1631494864620","index.html"
"a","Left",,,"1631494864654","index.html"
"a","Left",,,"1631494864687","index.html"
"a","Left",,,"1631494864722","index.html"
"a","Left",,,"1631494864756","index.html"
"a","Left",,,"1631494864790","index.html"
"a","Left",,,"1631494864825","index.html"
"a","Left",,,"1631494864859","index.html"
"a","Left",,,"1631494864893","index.html"
"a","Left",,,"1631494864928","index.html"
"a","Left",,,"1631494865095","index.html"
"a","Left",,,"1631494865292","index.html"
"a","Left",,,"1631494865458","index.html"
"a","Left",,,"1631494865619","index.html"
"a","Left",,,"1631494866010","index.html"
"a","Right with Selection",,,"1631494867364","index.html"
"a","Right with Selection",,,"1631494867880","index.html"
"a","Right with Selection",,,"1631494867914","index.html"
"a","Right with Selection",,,"1631494867949","index.html"
"a","Right with Selection",,,"1631494867983","index.html"
"a","Right with Selection",,,"1631494868017","index.html"
"a","Right with Selection",,,"1631494868052","index.html"
"a","Right with Selection",,,"1631494868086","index.html"
"a","Right with Selection",,,"1631494868120","index.html"
"a","Right with Selection",,,"1631494868155","index.html"
"a","Right with Selection",,,"1631494868189","index.html"
"a","Right with Selection",,,"1631494868224","index.html"
"a","Right with Selection",,,"1631494868256","index.html"
"a","Right with Selection",,,"1631494868291","index.html"
"a","Right with Selection",,,"1631494868325","index.html"
"a","Right with Selection",,,"1631494868359","index.html"
"a","Right with Selection",,,"1631494868394","index.html"
"a","Right with Selection",,,"1631494868428","index.html"
"a","Right with Selection",,,"1631494868463","index.html"
"a","Right with Selection",,,"1631494868497","index.html"
"a","Right with Selection",,,"1631494868531","index.html"
"a","Right with Selection",,,"1631494868566","index.html"
"a","Right with Selection",,,"1631494868600","index.html"
"a","Right with Selection",,,"1631494868633","index.html"
"a","Right with Selection",,,"1631494868667","index.html"
"a","Right with Selection",,,"1631494868702","index.html"
"a","Right with Selection",,,"1631494868736","index.html"
"a","Right with Selection",,,"1631494868771","index.html"
"a","Right with Selection",,,"1631494868805","index.html"
"a","Right with Selection",,,"1631494868839","index.html"
"a","Right with Selection",,,"1631494868874","index.html"
"a","Right with Selection",,,"1631494868908","index.html"
"a","Right with Selection",,,"1631494868942","index.html"
"a","Right with Selection",,,"1631494868977","index.html"
"a","Right with Selection",,,"1631494869010","index.html"
"a","Right with Selection",,,"1631494869044","index.html"
"a","Right with Selection",,,"1631494869079","index.html"
"a","Right with Selection",,,"1631494869113","index.html"
"a","Right with Selection",,,"1631494869147","index.html"
"a","Right with Selection",,,"1631494869183","index.html"
"a","Right with Selection",,,"1631494869216","index.html"
"a","Right with Selection",,,"1631494869250","index.html"
"a","Right with Selection",,,"1631494869285","index.html"
"a","Right with Selection",,,"1631494869318","index.html"
"a","Right with Selection",,,"1631494869465","index.html"
"a","Right with Selection",,,"1631494869693","index.html"
"a","Left with Selection",,,"1631494870271","index.html"
"a","Copy",,,"1631494871549","index.html"
"c","Nome: <span th:text=""${pessoa.nome}}""></span>",,"315","1631494871551","index.html"
"a","Right",,,"1631494872142","index.html"
"a","Enter",,,"1631494872557","index.html"
"e","
","","361","1631494872610","index.html"
"a","Paste",,,"1631494873528","index.html"
"p","Nome: <span th:text=""${pessoa.nome}}""></span>",,"361","1631494873529","index.html"
"e","Nome: <span th:text=""${pessoa.nome}}""></span>","","361","1631494873621","index.html"
"a","Left",,,"1631494874513","index.html"
"a","Left",,,"1631494875030","index.html"
"a","Left",,,"1631494875064","index.html"
"a","Left",,,"1631494875099","index.html"
"a","Left",,,"1631494875133","index.html"
"a","Left",,,"1631494875167","index.html"
"a","Left",,,"1631494875201","index.html"
"a","Left",,,"1631494875236","index.html"
"a","Left",,,"1631494875270","index.html"
"a","Left",,,"1631494875304","index.html"
"a","Left",,,"1631494875338","index.html"
"a","Left",,,"1631494875372","index.html"
"a","Left",,,"1631494875407","index.html"
"a","Left",,,"1631494875441","index.html"
"a","Left",,,"1631494875475","index.html"
"a","Left",,,"1631494875510","index.html"
"a","Left",,,"1631494875544","index.html"
"a","Left",,,"1631494875578","index.html"
"a","Left",,,"1631494875612","index.html"
"a","Left",,,"1631494875647","index.html"
"a","Left",,,"1631494875681","index.html"
"a","Left",,,"1631494875716","index.html"
"a","Left",,,"1631494875752","index.html"
"a","Left",,,"1631494875784","index.html"
"a","Left",,,"1631494875818","index.html"
"a","Left",,,"1631494875853","index.html"
"a","Left",,,"1631494875887","index.html"
"a","Left",,,"1631494875920","index.html"
"a","Left",,,"1631494875956","index.html"
"a","Left",,,"1631494875991","index.html"
"a","Left",,,"1631494876024","index.html"
"a","Left",,,"1631494876058","index.html"
"a","Left",,,"1631494876091","index.html"
"a","Left",,,"1631494876127","index.html"
"a","Left",,,"1631494876162","index.html"
"a","Left",,,"1631494876196","index.html"
"a","Left",,,"1631494876231","index.html"
"a","Left",,,"1631494876262","index.html"
"a","Left",,,"1631494876297","index.html"
"a","Left",,,"1631494876333","index.html"
"a","Left",,,"1631494876368","index.html"
"a","Left",,,"1631494876400","index.html"
"a","Right",,,"1631494876850","index.html"
"a","Backspace",,,"1631494878330","index.html"
"e","","e","364","1631494878384","index.html"
"a","Backspace",,,"1631494878504","index.html"
"e","","m","363","1631494878527","index.html"
"a","Backspace",,,"1631494878674","index.html"
"e","","o","362","1631494878694","index.html"
"a","Backspace",,,"1631494878899","index.html"
"e","","N","361","1631494879046","index.html"
"e","S","","361","1631494879664","index.html"
"k","S",,"362","1631494879664","index.html"
"e","o","","362","1631494879988","index.html"
"k","o",,"363","1631494879988","index.html"
"e","b","","363","1631494880578","index.html"
"k","b",,"364","1631494880580","index.html"
"e","r","","364","1631494880726","index.html"
"k","r",,"365","1631494880727","index.html"
"e","e","","365","1631494880791","index.html"
"k","e",,"366","1631494880792","index.html"
"e","n","","366","1631494881698","index.html"
"k","n",,"367","1631494881698","index.html"
"e","o","","367","1631494881882","index.html"
"k","o",,"368","1631494881883","index.html"
"e","m","","368","1631494882134","index.html"
"k","m",,"369","1631494882134","index.html"
"e","e","","369","1631494882225","index.html"
"k","e",,"370","1631494882225","index.html"
"a","Right",,,"1631494882828","index.html"
"a","Right",,,"1631494883345","index.html"
"a","Right",,,"1631494883378","index.html"
"a","Right",,,"1631494883411","index.html"
"a","Right",,,"1631494883446","index.html"
"a","Right",,,"1631494883481","index.html"
"a","Right",,,"1631494883516","index.html"
"a","Right",,,"1631494883549","index.html"
"a","Right",,,"1631494883583","index.html"
"a","Right",,,"1631494883618","index.html"
"a","Right",,,"1631494883650","index.html"
"a","Right",,,"1631494883685","index.html"
"a","Right",,,"1631494883720","index.html"
"a","Right",,,"1631494883755","index.html"
"a","Right",,,"1631494883790","index.html"
"a","Right",,,"1631494883822","index.html"
"a","Right",,,"1631494883856","index.html"
"a","Right",,,"1631494883890","index.html"
"a","Right",,,"1631494883925","index.html"
"a","Right",,,"1631494883958","index.html"
"a","Right",,,"1631494883992","index.html"
"a","Right",,,"1631494884027","index.html"
"a","Right",,,"1631494884062","index.html"
"a","Right",,,"1631494884096","index.html"
"a","Right",,,"1631494884130","index.html"
"a","Right",,,"1631494884163","index.html"
"a","Right",,,"1631494884359","index.html"
"a","Right",,,"1631494884539","index.html"
"a","Right",,,"1631494884736","index.html"
"a","Left",,,"1631494885244","index.html"
"a","Left",,,"1631494885436","index.html"
"a","Left",,,"1631494885612","index.html"
"e","s","","396","1631494887152","index.html"
"k","s",,"397","1631494887153","index.html"
"e","o","","397","1631494887195","index.html"
"k","o",,"398","1631494887195","index.html"
"e","b","","398","1631494887518","index.html"
"k","b",,"399","1631494887519","index.html"
"e","r","","399","1631494887602","index.html"
"k","r",,"400","1631494887603","index.html"
"e","e","","400","1631494887745","index.html"
"k","e",,"401","1631494887746","index.html"
"a","EditorChange",,,"1631494889598","index.html"
"a","EditorChange",,,"1631494904625","index.html"
"a","Enter",,,"1631494907354","index.html"
"e","
","","417","1631494907455","index.html"
"e","E","","417","1631494909984","index.html"
"k","E",,"418","1631494909985","index.html"
"e","m","","418","1631494910266","index.html"
"k","m",,"419","1631494910267","index.html"
"e","a","","419","1631494910362","index.html"
"k","a",,"420","1631494910363","index.html"
"e","i","","420","1631494910500","index.html"
"k","i",,"421","1631494910501","index.html"
"e","k","","421","1631494910698","index.html"
"k","k",,"422","1631494910698","index.html"
"a","Backspace",,,"1631494911464","index.html"
"e","","k","421","1631494912063","index.html"
"e","l","","421","1631494912135","index.html"
"k","l",,"422","1631494912135","index.html"
"e",":","","422","1631494913040","index.html"
"k",":",,"423","1631494913041","index.html"
"k"," ",,"424","1631494913255","index.html"
"a","Paste",,,"1631494914215","index.html"
"p","Nome: <span th:text=""${pessoa.nome}}""></span>",,"424","1631494914216","index.html"
"e"," Nome: <span th:text=""${pessoa.nome}}""></span>","","423","1631494914236","index.html"
"a","Left",,,"1631494915351","index.html"
"a","Left",,,"1631494915866","index.html"
"a","Left",,,"1631494915901","index.html"
"a","Left",,,"1631494915936","index.html"
"a","Left",,,"1631494915972","index.html"
"a","Left",,,"1631494916006","index.html"
"a","Left",,,"1631494916038","index.html"
"a","Left",,,"1631494916072","index.html"
"a","Left",,,"1631494916107","index.html"
"a","Left",,,"1631494916142","index.html"
"a","Left",,,"1631494916176","index.html"
"a","Left",,,"1631494916210","index.html"
"a","Left",,,"1631494916244","index.html"
"a","Left",,,"1631494916279","index.html"
"a","Left",,,"1631494916312","index.html"
"a","Left",,,"1631494916348","index.html"
"a","Left",,,"1631494916381","index.html"
"a","Left",,,"1631494916414","index.html"
"a","Left",,,"1631494916449","index.html"
"a","Left",,,"1631494916484","index.html"
"a","Left",,,"1631494916519","index.html"
"a","Left",,,"1631494916553","index.html"
"a","Left",,,"1631494916585","index.html"
"a","Left",,,"1631494916619","index.html"
"a","Left",,,"1631494916654","index.html"
"a","Left",,,"1631494916688","index.html"
"a","Left",,,"1631494916723","index.html"
"a","Left",,,"1631494916757","index.html"
"a","Left",,,"1631494916793","index.html"
"a","Left",,,"1631494916827","index.html"
"a","Left",,,"1631494916860","index.html"
"a","Left",,,"1631494916893","index.html"
"a","Left",,,"1631494916928","index.html"
"a","Left",,,"1631494916962","index.html"
"a","Left",,,"1631494916998","index.html"
"a","Left",,,"1631494917033","index.html"
"a","Left",,,"1631494917065","index.html"
"a","Left",,,"1631494917100","index.html"
"a","Left",,,"1631494917134","index.html"
"a","Left",,,"1631494917167","index.html"
"a","Left",,,"1631494917202","index.html"
"a","Left",,,"1631494917236","index.html"
"a","Left",,,"1631494917270","index.html"
"a","Left",,,"1631494917304","index.html"
"a","Left",,,"1631494917340","index.html"
"a","Right",,,"1631494918634","index.html"
"a","Right",,,"1631494918798","index.html"
"a","Right",,,"1631494918966","index.html"
"a","Right",,,"1631494919131","index.html"
"a","Right",,,"1631494919302","index.html"
"a","Backspace",,,"1631494919879","index.html"
"e","",":","428","1631494919910","index.html"
"a","Backspace",,,"1631494920037","index.html"
"e","","e","427","1631494920453","index.html"
"a","Backspace",,,"1631494920468","index.html"
"e","","m","426","1631494920512","index.html"
"a","Backspace",,,"1631494920514","index.html"
"e","","o","425","1631494920562","index.html"
"a","Backspace",,,"1631494920573","index.html"
"e","","N","424","1631494920610","index.html"
"a","Backspace",,,"1631494920856","index.html"
"e",""," ","423","1631494920953","index.html"
"a","Right",,,"1631494921848","index.html"
"a","Right",,,"1631494922366","index.html"
"a","Right",,,"1631494922400","index.html"
"a","Right",,,"1631494922435","index.html"
"a","Right",,,"1631494922469","index.html"
"a","Right",,,"1631494922504","index.html"
"a","Right",,,"1631494922538","index.html"
"a","Right",,,"1631494922572","index.html"
"a","Right",,,"1631494922607","index.html"
"a","Right",,,"1631494922641","index.html"
"a","Right",,,"1631494922674","index.html"
"a","Right",,,"1631494922708","index.html"
"a","Right",,,"1631494922743","index.html"
"a","Right",,,"1631494922777","index.html"
"a","Right",,,"1631494922811","index.html"
"a","Right",,,"1631494922846","index.html"
"a","Right",,,"1631494922880","index.html"
"a","Right",,,"1631494922914","index.html"
"a","Right",,,"1631494922949","index.html"
"a","Right",,,"1631494922983","index.html"
"a","Right",,,"1631494923017","index.html"
"a","Right",,,"1631494923051","index.html"
"a","Right",,,"1631494923085","index.html"
"a","Right",,,"1631494923120","index.html"
"a","Right",,,"1631494923154","index.html"
"a","Right",,,"1631494923188","index.html"
"a","Right",,,"1631494923222","index.html"
"a","Right",,,"1631494923257","index.html"
"a","Right",,,"1631494923630","index.html"
"a","Backspace",,,"1631494924735","index.html"
"e","","e","451","1631494924778","index.html"
"a","Backspace",,,"1631494924911","index.html"
"e","","m","450","1631494924948","index.html"
"a","Backspace",,,"1631494925089","index.html"
"e","","o","449","1631494925109","index.html"
"a","Backspace",,,"1631494925274","index.html"
"e","","n","448","1631494925347","index.html"
"e","e","","448","1631494926183","index.html"
"k","e",,"449","1631494926183","index.html"
"e","m","","449","1631494926309","index.html"
"k","m",,"450","1631494926310","index.html"
"e","a","","450","1631494926467","index.html"
"k","a",,"451","1631494926467","index.html"
"e","i","","451","1631494926640","index.html"
"k","i",,"452","1631494926641","index.html"
"e","l","","452","1631494926851","index.html"
"k","l",,"453","1631494926851","index.html"
"a","Right",,,"1631494927451","index.html"
"a","Right",,,"1631494927969","index.html"
"a","Right",,,"1631494928003","index.html"
"a","Right",,,"1631494928037","index.html"
"a","Right",,,"1631494928071","index.html"
"a","Right",,,"1631494928106","index.html"
"a","Right",,,"1631494928268","index.html"
"a","Right",,,"1631494928502","index.html"
"a","Right",,,"1631494928716","index.html"
"a","Right",,,"1631494928907","index.html"
"a","Right",,,"1631494929086","index.html"
"a","Enter",,,"1631494929579","index.html"
"e","
","","465","1631494929607","index.html"
"a","Paste",,,"1631494930471","index.html"
"p","Nome: <span th:text=""${pessoa.nome}}""></span>",,"465","1631494930471","index.html"
"e","Nome: <span th:text=""${pessoa.nome}}""></span>","","465","1631494930491","index.html"
"a","Left",,,"1631494931304","index.html"
"a","Left",,,"1631494931822","index.html"
"a","Left",,,"1631494931856","index.html"
"a","Left",,,"1631494931891","index.html"
"a","Left",,,"1631494931925","index.html"
"a","Left",,,"1631494931959","index.html"
"a","Left",,,"1631494931994","index.html"
"a","Left",,,"1631494932028","index.html"
"a","Left",,,"1631494932061","index.html"
"a","Left",,,"1631494932096","index.html"
"a","Left",,,"1631494932130","index.html"
"a","Left",,,"1631494932164","index.html"
"a","Left",,,"1631494932199","index.html"
"a","Left",,,"1631494932233","index.html"
"a","Left",,,"1631494932267","index.html"
"a","Left",,,"1631494932302","index.html"
"a","Left",,,"1631494932336","index.html"
"a","Left",,,"1631494932370","index.html"
"a","Left",,,"1631494932405","index.html"
"a","Left",,,"1631494932438","index.html"
"a","Left",,,"1631494932472","index.html"
"a","Left",,,"1631494932507","index.html"
"a","Left",,,"1631494932541","index.html"
"a","Left",,,"1631494932576","index.html"
"a","Left",,,"1631494932610","index.html"
"a","Left",,,"1631494932644","index.html"
"a","Left",,,"1631494932678","index.html"
"a","Left",,,"1631494932713","index.html"
"a","Left",,,"1631494932747","index.html"
"a","Left",,,"1631494932781","index.html"
"a","Left",,,"1631494932815","index.html"
"a","Left",,,"1631494932849","index.html"
"a","Left",,,"1631494932883","index.html"
"a","Left",,,"1631494932919","index.html"
"a","Left",,,"1631494932952","index.html"
"a","Left",,,"1631494932986","index.html"
"a","Left",,,"1631494933021","index.html"
"a","Left",,,"1631494933055","index.html"
"a","Left",,,"1631494933089","index.html"
"a","Left",,,"1631494933123","index.html"
"a","Left",,,"1631494933368","index.html"
"a","Backspace",,,"1631494933957","index.html"
"e","","e","468","1631494933995","index.html"
"a","Backspace",,,"1631494934153","index.html"
"e","","m","467","1631494934172","index.html"
"a","Backspace",,,"1631494934318","index.html"
"e","","o","466","1631494934357","index.html"
"a","Backspace",,,"1631494934805","index.html"
"e","","N","465","1631494934839","index.html"
"e","T","","465","1631494935579","index.html"
"k","T",,"466","1631494935579","index.html"
"e","e","","466","1631494935749","index.html"
"k","e",,"467","1631494935749","index.html"
"e","l","","467","1631494935908","index.html"
"k","l",,"468","1631494935908","index.html"
"e","e","","468","1631494936042","index.html"
"k","e",,"469","1631494936043","index.html"
"e","f","","469","1631494936222","index.html"
"k","f",,"470","1631494936223","index.html"
"e","o","","470","1631494936438","index.html"
"k","o",,"471","1631494936439","index.html"
"e","n","","471","1631494936593","index.html"
"k","n",,"472","1631494936593","index.html"
"e","e","","472","1631494936694","index.html"
"k","e",,"473","1631494936695","index.html"
"a","Right",,,"1631494937406","index.html"
"a","Right",,,"1631494937923","index.html"
"a","Right",,,"1631494937957","index.html"
"a","Right",,,"1631494937992","index.html"
"a","Right",,,"1631494938026","index.html"
"a","Right",,,"1631494938061","index.html"
"a","Right",,,"1631494938095","index.html"
"a","Right",,,"1631494938129","index.html"
"a","Right",,,"1631494938164","index.html"
"a","Right",,,"1631494938197","index.html"
"a","Right",,,"1631494938233","index.html"
"a","Right",,,"1631494938266","index.html"
"a","Right",,,"1631494938300","index.html"
"a","Right",,,"1631494938334","index.html"
"a","Right",,,"1631494938369","index.html"
"a","Right",,,"1631494938403","index.html"
"a","Right",,,"1631494938437","index.html"
"a","Right",,,"1631494938471","index.html"
"a","Right",,,"1631494938506","index.html"
"a","Right",,,"1631494938539","index.html"
"a","Right",,,"1631494938574","index.html"
"a","Right",,,"1631494938608","index.html"
"a","Right",,,"1631494938642","index.html"
"a","Right",,,"1631494938677","index.html"
"a","Right",,,"1631494938711","index.html"
"a","Right",,,"1631494938745","index.html"
"a","Right",,,"1631494938779","index.html"
"a","Right",,,"1631494939151","index.html"
"a","Right",,,"1631494939367","index.html"
"a","Left",,,"1631494939934","index.html"
"a","Right",,,"1631494940300","index.html"
"a","Right",,,"1631494940468","index.html"
"a","Backspace",,,"1631494941032","index.html"
"e","","e","502","1631494941522","index.html"
"a","Backspace",,,"1631494941530","index.html"
"e","","m","501","1631494941647","index.html"
"a","Backspace",,,"1631494941649","index.html"
"e","","o","500","1631494941768","index.html"
"a","Backspace",,,"1631494941777","index.html"
"e","","n","499","1631494941894","index.html"
"e","t","","499","1631494942759","index.html"
"k","t",,"500","1631494942759","index.html"
"e","e","","500","1631494942916","index.html"
"k","e",,"501","1631494942916","index.html"
"e","l","","501","1631494943066","index.html"
"k","l",,"502","1631494943066","index.html"
"e","e","","502","1631494943103","index.html"
"k","e",,"503","1631494943104","index.html"
"e","f","","503","1631494944423","index.html"
"k","f",,"504","1631494944423","index.html"
"e","o","","504","1631494944948","index.html"
"k","o",,"505","1631494944949","index.html"
"e","n","","505","1631494945218","index.html"
"k","n",,"506","1631494945218","index.html"
"e","e","","506","1631494945279","index.html"
"k","e",,"507","1631494945280","index.html"
"a","Down",,,"1631494946596","index.html"
"a","Down",,,"1631494946859","index.html"
"a","Down",,,"1631494947055","index.html"
"a","Down",,,"1631494947245","index.html"
"a","EditorChange",,,"1631495004902","index.html"
"a","Left",,,"1631495699630","index.html"
"a","Left",,,"1631495700339","index.html"
"a","Left",,,"1631495700538","index.html"
"a","Left",,,"1631495700750","index.html"
"a","Down with Selection",,,"1631495701768","index.html"
"a","Down with Selection",,,"1631495701968","index.html"
"a","Down with Selection",,,"1631495702153","index.html"
"a","Down with Selection",,,"1631495702325","index.html"
"a","Down with Selection",,,"1631495702581","index.html"
"a","Left with Selection",,,"1631495703054","index.html"
"a","Comment with Line Comment",,,"1631495704757","index.html"
"e","-->","","518","1631495705336","index.html"
"e","<!--","","465","1631495705377","index.html"
"e","-->","","464","1631495705399","index.html"
"e","<!--","","417","1631495705456","index.html"
"e","-->","","416","1631495705550","index.html"
"e","<!--","","361","1631495705588","index.html"
"e","-->","","360","1631495705738","index.html"
"e","<!--","","315","1631495705775","index.html"
"e","-->","","314","1631495705812","index.html"
"e","<!--","","310","1631495705838","index.html"
"a","EditorChange",,,"1631495752595","index.html"
"a","Comment with Line Comment",,,"1631495766190","index.html"
"a","EditorChange",,,"1631495779018","index.html"
"a","EditorChange",,,"1631495782838","index.html"
"a","EditorChange",,,"1631495812643","index.html"
"a","EditorChange",,,"1631495813801","index.html"
"a","EditorChange",,,"1631495815208","index.html"
"a","Unwrap/Remove...",,,"1631495876847","index.html"
"a","Undo Comment with Line Comment",,,"1631495888158","index.html"
"a","Undo Comment with Line Comment",,,"1631495892830","index.html"
"e","","<!--","310","1631495892847","index.html"
"e","","-->","314","1631495892876","index.html"
"e","","<!--","315","1631495892910","index.html"
"e","","-->","360","1631495892941","index.html"
"e","","<!--","361","1631495892979","index.html"
"e","","-->","416","1631495893013","index.html"
"e","","<!--","417","1631495893051","index.html"
"e","","-->","464","1631495893078","index.html"
"e","","<!--","465","1631495893114","index.html"
"e","","-->","518","1631495893142","index.html"
"a","EditorChange",,,"1631495897578","index.html"
"a","EditorChange",,,"1631495901026","index.html"
"a","Close Active Editor",,,"1631495904417","index.html"
"a","EditorChange",,,"1631495909059","index.html"
"a","Left",,,"1631495985897","index.html"
"a","Right",,,"1631495986329","index.html"
"a","Enter",,,"1631495987074","index.html"
"e","
","","407","1631495987101","index.html"
"a","Backspace",,,"1631495988073","index.html"
"e","","
","407","1631495988221","index.html"
"a","Backspace",,,"1631495988665","index.html"
"e","","}","406","1631495988687","index.html"
"a","Down",,,"1631495989420","index.html"
"a","Left",,,"1631495989819","index.html"
"a","Left",,,"1631495990011","index.html"
"a","Left",,,"1631495990188","index.html"
"a","Left",,,"1631495990374","index.html"
"a","Left",,,"1631495990545","index.html"
"a","Left",,,"1631495990733","index.html"
"a","Left",,,"1631495990903","index.html"
"a","Backspace",,,"1631495991383","index.html"
"e","","}","453","1631495991439","index.html"
"a","Down",,,"1631495992016","index.html"
"a","Right",,,"1631495992315","index.html"
"a","Right",,,"1631495992520","index.html"
"a","Right",,,"1631495992701","index.html"
"a","Right",,,"1631495992872","index.html"
"a","Right",,,"1631495993039","index.html"
"a","Right",,,"1631495993224","index.html"
"a","Right",,,"1631495993385","index.html"
"a","Backspace",,,"1631495993819","index.html"
"e","","}","506","1631495993857","index.html"
"a","Up",,,"1631495994815","index.html"
"a","Up",,,"1631495995009","index.html"
"a","Up",,,"1631495995194","index.html"
"a","Left",,,"1631495995829","index.html"
"a","Left",,,"1631495996041","index.html"
"a","Left",,,"1631495996557","index.html"
"a","Left",,,"1631495996589","index.html"
"a","Left",,,"1631495996625","index.html"
"a","Left",,,"1631495996657","index.html"
"a","Left",,,"1631495996690","index.html"
"a","Left",,,"1631495996725","index.html"
"a","Left",,,"1631495996759","index.html"
"a","Right",,,"1631495997198","index.html"
"a","Right",,,"1631495997610","index.html"
"a","Backspace",,,"1631495998094","index.html"
"e","","}","350","1631495998144","index.html"
"k"," ",,"360","1631496024962","index.html"
"e"," <","","359","1631496025723","index.html"
"k","<",,"361","1631496025724","index.html"
"e","b","","361","1631496026112","index.html"
"k","b",,"362","1631496026116","index.html"
"e","r","","362","1631496026409","index.html"
"k","r",,"363","1631496026413","index.html"
"a","Choose Lookup Item Replace",,,"1631496027336","index.html"
"e",">","","363","1631496028131","index.html"
"a","Tab",,,"1631496028869","index.html"
"a","Down",,,"1631496029441","index.html"
"a","Right",,,"1631496029760","index.html"
"a","Right",,,"1631496029950","index.html"
"a","Right",,,"1631496030127","index.html"
"a","Left",,,"1631496031240","index.html"
"k"," ",,"423","1631496031666","index.html"
"k","b",,"424","1631496032476","index.html"
"k","r",,"425","1631496032689","index.html"
"a","Expand Live Template by Tab",,,"1631496033389","index.html"
"a","Down",,,"1631496033836","index.html"
"k"," ",,"475","1631496034528","index.html"
"k","b",,"476","1631496034802","index.html"
"k","r",,"477","1631496035013","index.html"
"a","Expand Live Template by Tab",,,"1631496035318","index.html"
"a","Down",,,"1631496035794","index.html"
"a","Right",,,"1631496036118","index.html"
"k"," ",,"533","1631496036738","index.html"
"k","b",,"534","1631496037261","index.html"
"k","r",,"535","1631496037467","index.html"
"a","Expand Live Template by Tab",,,"1631496037843","index.html"
"e"," <br>","","419","1631496039351","index.html"
"e"," <br>","","471","1631496039351","index.html"
"e"," <br>","","529","1631496039351","index.html"
"a","EditorChange",,,"1631497208574","index.html"
"a","Backspace",,,"1631497473512","index.html"
"e","","Nome: <span th:text=""${pessoa.nome}""></span> <br>
Sobrenome: <span th:text=""${pessoa.sobrenome}""></span> <br>
Email: <span th:text=""${pessoa.email}""></span> <br>
Telefone: <span th:text=""${pessoa.telefone}""></span> <br>","315","1631497473560","index.html"
"a","Enter",,,"1631497474151","index.html"
"e","
","","316","1631497474178","index.html"
"a","Enter",,,"1631497474346","index.html"
"e","
","","317","1631497474371","index.html"
"a","Enter",,,"1631497474504","index.html"
"e","
","","318","1631497474672","index.html"
"a","Up",,,"1631497474947","index.html"
"a","Up",,,"1631497475142","index.html"
"a","Up",,,"1631497475340","index.html"
"e","t","","315","1631497476203","index.html"
"k","t",,"316","1631497476203","index.html"
"e","a","","316","1631497476266","index.html"
"k","a",,"317","1631497476266","index.html"
"e","b","","317","1631497476344","index.html"
"k","b",,"318","1631497476345","index.html"
"e","l","","318","1631497477149","index.html"
"k","l",,"319","1631497477150","index.html"
"e","e","","319","1631497477248","index.html"
"k","e",,"320","1631497477248","index.html"
"a","Enter",,,"1631497477429","index.html"
"e","
","","324","1631497477602","index.html"
"a","Backspace",,,"1631497478389","index.html"
"e","","
","324","1631497478424","index.html"
"a","Expand Live Template by Tab",,,"1631497478820","index.html"
"e","","table","315","1631497478869","index.html"
"e","<table></table>","","315","1631497478905","index.html"
"a","Enter",,,"1631497479521","index.html"
"e","
","","322","1631497479544","index.html"
"e","
","","323","1631497479572","index.html"
"e","    ","","323","1631497479608","index.html"
"e","t","","327","1631497481562","index.html"
"k","t",,"328","1631497481564","index.html"
"e","e","","328","1631497482049","index.html"
"k","e",,"329","1631497482050","index.html"
"a","Backspace",,,"1631497482393","index.html"
"e","","e","328","1631497482558","index.html"
"e","r","","328","1631497482624","index.html"
"k","r",,"329","1631497482625","index.html"
"a","Expand Live Template by Tab",,,"1631497482925","index.html"
"e","","tr","327","1631497482951","index.html"
"e","<tr></tr>","","327","1631497482978","index.html"
"a","Enter",,,"1631497483801","index.html"
"e","
","","331","1631497483913","index.html"
"e","    ","","332","1631497483947","index.html"
"e","        
","","332","1631497483982","index.html"
"e","t","","340","1631497486277","index.html"
"k","t",,"341","1631497486278","index.html"
"e","h","","341","1631497486410","index.html"
"k","h",,"342","1631497486410","index.html"
"a","Expand Live Template by Tab",,,"1631497487094","index.html"
"e","","th","340","1631497487120","index.html"
"e","<th></th>","","340","1631497487158","index.html"
"e","N","","344","1631497489866","index.html"
"k","N",,"345","1631497489868","index.html"
"e","o","","345","1631497490105","index.html"
"k","o",,"346","1631497490106","index.html"
"e","m","","346","1631497490428","index.html"
"k","m",,"347","1631497490428","index.html"
"e","e","","347","1631497490475","index.html"
"k","e",,"348","1631497490477","index.html"
"a","Right",,,"1631497490837","index.html"
"a","Right",,,"1631497491027","index.html"
"a","Right",,,"1631497491200","index.html"
"a","Right",,,"1631497491380","index.html"
"a","Right",,,"1631497491556","index.html"
"a","Enter",,,"1631497491983","index.html"
"e","        
","","354","1631497492022","index.html"
"e","t","","362","1631497493063","index.html"
"k","t",,"363","1631497493065","index.html"
"e","h","","363","1631497493195","index.html"
"k","h",,"364","1631497493196","index.html"
"a","Expand Live Template by Tab",,,"1631497493354","index.html"
"e","","th","362","1631497493378","index.html"
"e","<th></th>","","362","1631497493405","index.html"
"e","S","","366","1631497495609","index.html"
"k","S",,"367","1631497495611","index.html"
"e","o","","367","1631497495665","index.html"
"k","o",,"368","1631497495665","index.html"
"e","b","","368","1631497496044","index.html"
"k","b",,"369","1631497496045","index.html"
"e","r","","369","1631497496184","index.html"
"k","r",,"370","1631497496185","index.html"
"e","e","","370","1631497496307","index.html"
"k","e",,"371","1631497496307","index.html"
"e","n","","371","1631497496461","index.html"
"k","n",,"372","1631497496463","index.html"
"e","o","","372","1631497496736","index.html"
"k","o",,"373","1631497496737","index.html"
"e","m","","373","1631497496976","index.html"
"k","m",,"374","1631497496977","index.html"
"e","e","","374","1631497497016","index.html"
"k","e",,"375","1631497497017","index.html"
"a","Right",,,"1631497497400","index.html"
"a","Right",,,"1631497497634","index.html"
"a","Right",,,"1631497497816","index.html"
"a","Right",,,"1631497497997","index.html"
"a","Right",,,"1631497498175","index.html"
"a","Enter",,,"1631497498580","index.html"
"e","        
","","381","1631497498616","index.html"
"e","t","","389","1631497499352","index.html"
"k","t",,"390","1631497499352","index.html"
"e","h","","390","1631497499612","index.html"
"k","h",,"391","1631497499613","index.html"
"a","Expand Live Template by Tab",,,"1631497499636","index.html"
"e","","th","389","1631497499675","index.html"
"e","<th></th>","","389","1631497499706","index.html"
"e","e","","393","1631497501178","index.html"
"k","e",,"394","1631497501180","index.html"
"e","m","","394","1631497501302","index.html"
"k","m",,"395","1631497501302","index.html"
"e","a","","395","1631497501412","index.html"
"k","a",,"396","1631497501413","index.html"
"e","i","","396","1631497501621","index.html"
"k","i",,"397","1631497501622","index.html"
"e","ç","","397","1631497501853","index.html"
"k","ç",,"398","1631497501853","index.html"
"a","Backspace",,,"1631497502440","index.html"
"e","","ç","397","1631497502483","index.html"
"a","Backspace",,,"1631497502614","index.html"
"e","","i","396","1631497502637","index.html"
"a","Backspace",,,"1631497502771","index.html"
"e","","a","395","1631497502792","index.html"
"a","Backspace",,,"1631497502935","index.html"
"e","","m","394","1631497502956","index.html"
"a","Backspace",,,"1631497503107","index.html"
"e","","e","393","1631497503131","index.html"
"e","e","","393","1631497503766","index.html"
"k","e",,"394","1631497503767","index.html"
"e","m","","394","1631497503946","index.html"
"k","m",,"395","1631497503947","index.html"
"e","a","","395","1631497504120","index.html"
"k","a",,"396","1631497504121","index.html"
"e","i","","396","1631497504241","index.html"
"k","i",,"397","1631497504242","index.html"
"e","l","","397","1631497504437","index.html"
"k","l",,"398","1631497504438","index.html"
"a","Backspace",,,"1631497505463","index.html"
"e","","l","397","1631497505487","index.html"
"a","Backspace",,,"1631497505646","index.html"
"e","","i","396","1631497505669","index.html"
"a","Backspace",,,"1631497505804","index.html"
"e","","a","395","1631497505885","index.html"
"a","Backspace",,,"1631497505954","index.html"
"e","","m","394","1631497506100","index.html"
"a","Backspace",,,"1631497506136","index.html"
"e","","e","393","1631497506169","index.html"
"e","E","","393","1631497506927","index.html"
"k","E",,"394","1631497506928","index.html"
"e","m","","394","1631497507873","index.html"
"k","m",,"395","1631497507874","index.html"
"e","a","","395","1631497507968","index.html"
"k","a",,"396","1631497507969","index.html"
"e","i","","396","1631497508165","index.html"
"k","i",,"397","1631497508166","index.html"
"e","l","","397","1631497508433","index.html"
"k","l",,"398","1631497508435","index.html"
"a","Right",,,"1631497508993","index.html"
"a","Right",,,"1631497509211","index.html"
"a","Right",,,"1631497509387","index.html"
"a","Right",,,"1631497509555","index.html"
"a","Right",,,"1631497509714","index.html"
"a","Enter",,,"1631497510366","index.html"
"e","        
","","404","1631497510418","index.html"
"e","t","","412","1631497511302","index.html"
"k","t",,"413","1631497511302","index.html"
"e","h","","413","1631497511449","index.html"
"k","h",,"414","1631497511450","index.html"
"a","Expand Live Template by Tab",,,"1631497511497","index.html"
"e","","th","412","1631497511521","index.html"
"e","<th></th>","","412","1631497511550","index.html"
"e","T","","416","1631497513528","index.html"
"k","T",,"417","1631497513529","index.html"
"e","e","","417","1631497515056","index.html"
"k","e",,"418","1631497515058","index.html"
"e","e","","418","1631497516174","index.html"
"k","e",,"419","1631497516176","index.html"
"a","Backspace",,,"1631497517109","index.html"
"e","","e","418","1631497517145","index.html"
"e","k","","418","1631497518011","index.html"
"k","k",,"419","1631497518012","index.html"
"a","Backspace",,,"1631497518385","index.html"
"e","","k","418","1631497518408","index.html"
"e","l","","418","1631497518699","index.html"
"k","l",,"419","1631497518700","index.html"
"e","e","","419","1631497518785","index.html"
"k","e",,"420","1631497518786","index.html"
"e","f","","420","1631497519168","index.html"
"k","f",,"421","1631497519169","index.html"
"e","o","","421","1631497519275","index.html"
"k","o",,"422","1631497519276","index.html"
"e","n","","422","1631497519429","index.html"
"k","n",,"423","1631497519431","index.html"
"e","e","","423","1631497519541","index.html"
"k","e",,"424","1631497519541","index.html"
"a","Enter",,,"1631497528093","index.html"
"e","    
","","440","1631497528132","index.html"
"e","t","","444","1631497529139","index.html"
"k","t",,"445","1631497529140","index.html"
"e","r","","445","1631497529553","index.html"
"k","r",,"446","1631497529554","index.html"
"a","Expand Live Template by Tab",,,"1631497529841","index.html"
"e","","tr","444","1631497529898","index.html"
"e","<tr></tr>","","444","1631497529931","index.html"
"a","Left",,,"1631497531455","index.html"
"e"," ","","447","1631497532582","index.html"
"k"," ",,"448","1631497532583","index.html"
"e","f","","448","1631497533312","index.html"
"k","f",,"449","1631497533344","index.html"
"e","o","","449","1631497533488","index.html"
"k","o",,"450","1631497533513","index.html"
"e","r","","450","1631497533841","index.html"
"k","r",,"451","1631497533884","index.html"
"e","e","","451","1631497534996","index.html"
"k","e",,"452","1631497534997","index.html"
"e","a","","452","1631497535195","index.html"
"k","a",,"453","1631497535196","index.html"
"e","c","","453","1631497535349","index.html"
"k","c",,"454","1631497535350","index.html"
"e","h","","454","1631497535417","index.html"
"k","h",,"455","1631497535418","index.html"
"a","Backspace",,,"1631497538394","index.html"
"e","","h","454","1631497538427","index.html"
"a","Backspace",,,"1631497538583","index.html"
"e","","c","453","1631497539054","index.html"
"a","Backspace",,,"1631497539063","index.html"
"e","","a","452","1631497539174","index.html"
"a","Backspace",,,"1631497539180","index.html"
"e","","e","451","1631497539363","index.html"
"a","Backspace",,,"1631497539457","index.html"
"e","","r","450","1631497539681","index.html"
"a","Backspace",,,"1631497539692","index.html"
"e","","o","449","1631497539747","index.html"
"a","Backspace",,,"1631497540111","index.html"
"e","","f","448","1631497540143","index.html"
"e","t","","448","1631497541677","index.html"
"k","t",,"449","1631497541679","index.html"
"e","h","","449","1631497541822","index.html"
"k","h",,"450","1631497541823","index.html"
"e",":","","450","1631497542500","index.html"
"k",":",,"451","1631497542509","index.html"
"e","e","","451","1631497542836","index.html"
"k","e",,"452","1631497542846","index.html"
"e","a","","452","1631497543107","index.html"
"k","a",,"453","1631497543124","index.html"
"e","c","","453","1631497543472","index.html"
"k","c",,"454","1631497543473","index.html"
"e","h","","454","1631497543711","index.html"
"k","h",,"455","1631497543711","index.html"
"e","-","","455","1631497545862","index.html"
"k","-",,"456","1631497545864","index.html"
"a","Backspace",,,"1631497546279","index.html"
"e","","-","455","1631497546321","index.html"
"e","=","","455","1631497547451","index.html"
"e","""""","","456","1631497547511","index.html"
"k","=",,"457","1631497547512","index.html"
"e","p","","457","1631497550121","index.html"
"k","p",,"458","1631497550122","index.html"
"e","e","","458","1631497550274","index.html"
"k","e",,"459","1631497550275","index.html"
"e","s","","459","1631497550312","index.html"
"k","s",,"460","1631497550312","index.html"
"e","s","","460","1631497550353","index.html"
"k","s",,"461","1631497550353","index.html"
"e","o","","461","1631497550510","index.html"
"k","o",,"462","1631497550510","index.html"
"e","a","","462","1631497550708","index.html"
"k","a",,"463","1631497550708","index.html"
"e",":","","463","1631497551682","index.html"
"k",":",,"464","1631497551683","index.html"
"e"," ","","464","1631497551972","index.html"
"k"," ",,"465","1631497551973","index.html"
"e","p","","465","1631497552865","index.html"
"k","p",,"466","1631497552867","index.html"
"e","e","","466","1631497552911","index.html"
"k","e",,"467","1631497552912","index.html"
"e","s","","467","1631497553074","index.html"
"k","s",,"468","1631497553074","index.html"
"e","s","","468","1631497553253","index.html"
"k","s",,"469","1631497553254","index.html"
"e","o","","469","1631497553342","index.html"
"k","o",,"470","1631497553343","index.html"
"e","a","","470","1631497553468","index.html"
"k","a",,"471","1631497553469","index.html"
"e","s","","471","1631497553673","index.html"
"k","s",,"472","1631497553674","index.html"
"a","Right",,,"1631497554528","index.html"
"a","Right",,,"1631497554816","index.html"
"a","Left",,,"1631497556467","index.html"
"a","Left",,,"1631497556643","index.html"
"a","Left",,,"1631497556823","index.html"
"a","Left",,,"1631497556997","index.html"
"a","Left",,,"1631497557164","index.html"
"a","Left",,,"1631497557332","index.html"
"a","Left",,,"1631497557498","index.html"
"a","Left",,,"1631497557664","index.html"
"a","Left",,,"1631497557828","index.html"
"e","$","","465","1631497558913","index.html"
"k","$",,"466","1631497558914","index.html"
"e","{","","466","1631497559806","index.html"
"k","{",,"467","1631497559807","index.html"
"a","Right",,,"1631497560634","index.html"
"a","Right",,,"1631497560810","index.html"
"a","Right",,,"1631497560970","index.html"
"a","Right",,,"1631497561134","index.html"
"a","Right",,,"1631497561307","index.html"
"a","Right",,,"1631497561475","index.html"
"a","Right",,,"1631497561654","index.html"
"e","}","","474","1631497562473","index.html"
"k","}",,"475","1631497562474","index.html"
"a","Right",,,"1631497562844","index.html"
"a","Right",,,"1631497563060","index.html"
"a","Enter",,,"1631497563535","index.html"
"e","
","","477","1631497563598","index.html"
"e","    ","","478","1631497563670","index.html"
"e","        
","","478","1631497563709","index.html"
"e","t","","486","1631497566522","index.html"
"k","t",,"487","1631497566523","index.html"
"e","d","","487","1631497567055","index.html"
"k","d",,"488","1631497567056","index.html"
"a","Expand Live Template by Tab",,,"1631497567293","index.html"
"e","","td","486","1631497567434","index.html"
"e","<td></td>","","486","1631497567526","index.html"
"a","Left",,,"1631497568691","index.html"
"e"," ","","489","1631497569412","index.html"
"k"," ",,"490","1631497569413","index.html"
"e","t","","490","1631497570228","index.html"
"k","t",,"491","1631497570233","index.html"
"e","h","","491","1631497570325","index.html"
"k","h",,"492","1631497570360","index.html"
"e",":","","492","1631497571238","index.html"
"k",":",,"493","1631497571264","index.html"
"e","t","","493","1631497571460","index.html"
"k","t",,"494","1631497571467","index.html"
"e","e","","494","1631497571599","index.html"
"k","e",,"495","1631497571602","index.html"
"e","x","","495","1631497571933","index.html"
"k","x",,"496","1631497571936","index.html"
"e","t","","496","1631497572225","index.html"
"k","t",,"497","1631497572232","index.html"
"e","=","","497","1631497574740","index.html"
"e","""""","","498","1631497574766","index.html"
"k","=",,"499","1631497574766","index.html"
"e","'","","499","1631497576465","index.html"
"k","'",,"500","1631497576466","index.html"
"a","Right",,,"1631497576468","index.html"
"a","Backspace",,,"1631497577233","index.html"
"e","","""","500","1631497577258","index.html"
"a","Backspace",,,"1631497577451","index.html"
"e","","'","499","1631497577471","index.html"
"a","Backspace",,,"1631497577637","index.html"
"e","","""","498","1631497577945","index.html"
"e","'","","498","1631497578375","index.html"
"e","'","","499","1631497578404","index.html"
"k","'",,"499","1631497578404","index.html"
"e","$","","499","1631497581181","index.html"
"k","$",,"500","1631497581182","index.html"
"e","{","","500","1631497583289","index.html"
"e","}","","501","1631497583326","index.html"
"k","{",,"501","1631497583326","index.html"
"e","}","","502","1631497583528","index.html"
"k","}",,"502","1631497583529","index.html"
"a","Left",,,"1631497583913","index.html"
"e","p","","501","1631497585696","index.html"
"k","p",,"502","1631497585697","index.html"
"e","e","","502","1631497585849","index.html"
"k","e",,"503","1631497585850","index.html"
"e","s","","503","1631497586041","index.html"
"k","s",,"504","1631497586042","index.html"
"e","s","","504","1631497586211","index.html"
"k","s",,"505","1631497586246","index.html"
"e","o","","505","1631497586389","index.html"
"k","o",,"506","1631497586394","index.html"
"e","a","","506","1631497586533","index.html"
"k","a",,"507","1631497586567","index.html"
"e",".","","507","1631497587685","index.html"
"k",".",,"508","1631497587686","index.html"
"e","n","","508","1631497588006","index.html"
"k","n",,"509","1631497588007","index.html"
"e","o","","509","1631497588357","index.html"
"k","o",,"510","1631497588358","index.html"
"e","m","","510","1631497588459","index.html"
"k","m",,"511","1631497588459","index.html"
"e","e","","511","1631497588505","index.html"
"k","e",,"512","1631497588506","index.html"
"a","Right",,,"1631497589097","index.html"
"a","Right",,,"1631497589317","index.html"
"a","Left",,,"1631497589831","index.html"
"a","Left",,,"1631497590349","index.html"
"a","Left",,,"1631497590384","index.html"
"a","Left",,,"1631497590418","index.html"
"a","Left",,,"1631497590452","index.html"
"a","Left",,,"1631497590487","index.html"
"a","Left",,,"1631497590521","index.html"
"a","Left",,,"1631497590555","index.html"
"a","Left",,,"1631497590590","index.html"
"a","Left",,,"1631497590623","index.html"
"a","Left",,,"1631497590657","index.html"
"a","Left",,,"1631497590692","index.html"
"a","Left",,,"1631497590726","index.html"
"a","Left",,,"1631497590761","index.html"
"a","Left",,,"1631497590795","index.html"
"a","Left",,,"1631497590829","index.html"
"a","Left",,,"1631497590863","index.html"
"a","Left",,,"1631497590898","index.html"
"a","Left",,,"1631497590932","index.html"
"a","Left",,,"1631497590965","index.html"
"a","Left",,,"1631497591000","index.html"
"a","Left",,,"1631497591034","index.html"
"a","Left",,,"1631497591068","index.html"
"a","Left",,,"1631497591103","index.html"
"a","Left",,,"1631497591137","index.html"
"a","Left",,,"1631497591171","index.html"
"a","Left",,,"1631497591309","index.html"
"a","Left",,,"1631497591496","index.html"
"a","Move Caret to Line End with Selection",,,"1631497592881","index.html"
"a","Copy",,,"1631497593701","index.html"
"c","<td th:text='${pessoa.nome}}'></td>",,"486","1631497593702","index.html"
"a","Right",,,"1631497594237","index.html"
"a","Enter",,,"1631497594632","index.html"
"e","        
","","522","1631497594674","index.html"
"a","Paste",,,"1631497595573","index.html"
"p","<td th:text='${pessoa.nome}}'></td>",,"530","1631497595574","index.html"
"e","<td th:text='${pessoa.nome}}'></td>","","530","1631497595582","index.html"
"a","Enter",,,"1631497596085","index.html"
"e","        
","","566","1631497596109","index.html"
"a","Paste",,,"1631497596812","index.html"
"p","<td th:text='${pessoa.nome}}'></td>",,"574","1631497596813","index.html"
"e","<td th:text='${pessoa.nome}}'></td>","","574","1631497596823","index.html"
"a","Enter",,,"1631497597261","index.html"
"e","        
","","610","1631497597275","index.html"
"a","Paste",,,"1631497598045","index.html"
"p","<td th:text='${pessoa.nome}}'></td>",,"618","1631497598046","index.html"
"e","<td th:text='${pessoa.nome}}'></td>","","618","1631497598054","index.html"
"a","Enter",,,"1631497598729","index.html"
"e","        
","","654","1631497598741","index.html"
"a","Up",,,"1631497600556","index.html"
"a","Up",,,"1631497600760","index.html"
"a","Up",,,"1631497600949","index.html"
"a","Right",,,"1631497601458","index.html"
"a","Right",,,"1631497601976","index.html"
"a","Right",,,"1631497602010","index.html"
"a","Right",,,"1631497602044","index.html"
"a","Right",,,"1631497602079","index.html"
"a","Right",,,"1631497602113","index.html"
"a","Right",,,"1631497602147","index.html"
"a","Right",,,"1631497602181","index.html"
"a","Right",,,"1631497602215","index.html"
"a","Right",,,"1631497602249","index.html"
"a","Right",,,"1631497602292","index.html"
"a","Right",,,"1631497602318","index.html"
"a","Right",,,"1631497602352","index.html"
"a","Right",,,"1631497602387","index.html"
"a","Right",,,"1631497602421","index.html"
"a","Right",,,"1631497602455","index.html"
"a","Right",,,"1631497602489","index.html"
"a","Right",,,"1631497602524","index.html"
"a","Right",,,"1631497602558","index.html"
"a","Right",,,"1631497602592","index.html"
"a","Right",,,"1631497602626","index.html"
"a","Right",,,"1631497602660","index.html"
"a","Right",,,"1631497602694","index.html"
"a","Left",,,"1631497603275","index.html"
"k","s",,"553","1631497604018","index.html"
"k","o",,"554","1631497604136","index.html"
"k","b",,"555","1631497605912","index.html"
"k","r",,"556","1631497605916","index.html"
"k","e",,"557","1631497605920","index.html"
"a","Right",,,"1631497606445","index.html"
"a","Down",,,"1631497606837","index.html"
"a","Left",,,"1631497607271","index.html"
"a","Left",,,"1631497607472","index.html"
"a","Backspace",,,"1631497608953","index.html"
"a","Backspace",,,"1631497609116","index.html"
"a","Backspace",,,"1631497609307","index.html"
"a","Backspace",,,"1631497609509","index.html"
"k","e",,"602","1631497610197","index.html"
"k","m",,"603","1631497610347","index.html"
"k","a",,"604","1631497610488","index.html"
"k","i",,"605","1631497610638","index.html"
"k","l",,"606","1631497610825","index.html"
"a","Up",,,"1631497611458","index.html"
"a","Down",,,"1631497611459","index.html"
"a","Down",,,"1631497612356","index.html"
"a","Left",,,"1631497612725","index.html"
"a","Backspace",,,"1631497614302","index.html"
"a","Backspace",,,"1631497614505","index.html"
"a","Backspace",,,"1631497614682","index.html"
"a","Backspace",,,"1631497615181","index.html"
"k","t",,"647","1631497615737","index.html"
"k","e",,"648","1631497615906","index.html"
"k","l",,"649","1631497616099","index.html"
"k","e",,"650","1631497616184","index.html"
"k","f",,"651","1631497616373","index.html"
"k","o",,"652","1631497616589","index.html"
"k","n",,"653","1631497616781","index.html"
"k","e",,"654","1631497616921","index.html"
"a","Right",,,"1631497617760","index.html"
"a","Right",,,"1631497618278","index.html"
"a","Right",,,"1631497618313","index.html"
"a","Right",,,"1631497618347","index.html"
"a","Right",,,"1631497618381","index.html"
"a","Right",,,"1631497618416","index.html"
"a","Right",,,"1631497618449","index.html"
"a","Right",,,"1631497618484","index.html"
"a","Right",,,"1631497618518","index.html"
"a","Right",,,"1631497618708","index.html"
"a","Down",,,"1631497619164","index.html"
"a","Down",,,"1631497619387","index.html"
"a","Down",,,"1631497619581","index.html"
"a","Down",,,"1631497619758","index.html"
"k"," ",,"322","1631497627671","index.html"
"k","b",,"323","1631497628234","index.html"
"k","o",,"324","1631497628433","index.html"
"k","r",,"325","1631497628545","index.html"
"k","d",,"326","1631497628804","index.html"
"k","e",,"327","1631497628918","index.html"
"k","r",,"328","1631497629101","index.html"
"k","=",,"330","1631497630023","index.html"
"k","1",,"331","1631497631250","index.html"
"e"," border=""1""","","321","1631497636972","index.html"
"e","","","334","1631497636973","index.html"
"e","sobre","","563","1631497636972","index.html"
"e","","nome","612","1631497636972","index.html"
"e","email","","612","1631497636973","index.html"
"e","","nom","657","1631497636972","index.html"
"e","telefon","","657","1631497636973","index.html"
"e","","        ","675","1631497636972","index.html"
"a","Backspace",,,"1631497676353","index.html"
"e","","}","524","1631497676364","index.html"
"a","Down",,,"1631497676999","index.html"
"a","Right",,,"1631497677371","index.html"
"a","Right",,,"1631497677569","index.html"
"a","Right",,,"1631497677743","index.html"
"a","Right",,,"1631497677913","index.html"
"a","Right",,,"1631497678084","index.html"
"a","Right",,,"1631497678244","index.html"
"a","Enter",,,"1631497679075","index.html"
"e","
        ","","573","1631497679087","index.html"
"e","","        ","574","1631497679100","index.html"
"a","Backspace",,,"1631497679984","index.html"
"e","","
","573","1631497679997","index.html"
"a","Backspace",,,"1631497680509","index.html"
"e","","}","572","1631497680519","index.html"
"a","Down",,,"1631497680951","index.html"
"a","Left",,,"1631497681250","index.html"
"a","Left",,,"1631497681459","index.html"
"a","Backspace",,,"1631497681999","index.html"
"e","","'","617","1631497682008","index.html"
"a","Undo Backspace",,,"1631497683971","index.html"
"e","'","","617","1631497683978","index.html"
"a","Left",,,"1631497684366","index.html"
"a","Backspace",,,"1631497684979","index.html"
"e","","}","616","1631497685002","index.html"
"a","Down",,,"1631497685403","index.html"
"a","Right",,,"1631497685674","index.html"
"a","Right",,,"1631497685870","index.html"
"a","Right",,,"1631497686041","index.html"
"a","Right",,,"1631497686196","index.html"
"a","Backspace",,,"1631497686605","index.html"
"e","","}","663","1631497686952","index.html"
"a","Down",,,"1631497726852","index.html"
"a","Down",,,"1631497727053","index.html"
"a","Down",,,"1631497727381","index.html"
"a","Enter",,,"1631497727791","index.html"
"e","
","","315","1631497727814","index.html"
"e","d","","315","1631497728622","index.html"
"k","d",,"316","1631497728622","index.html"
"e","i","","316","1631497728817","index.html"
"k","i",,"317","1631497728818","index.html"
"e","v","","317","1631497729276","index.html"
"k","v",,"318","1631497729277","index.html"
"a","Expand Live Template by Tab",,,"1631497729607","index.html"
"e","","div","315","1631497729619","index.html"
"e","<div></div>","","315","1631497729629","index.html"
"a","Left",,,"1631497731613","index.html"
"e"," ","","319","1631497732677","index.html"
"k"," ",,"320","1631497732678","index.html"
"e","t","","320","1631497732897","index.html"
"k","t",,"321","1631497732903","index.html"
"e","h","","321","1631497733022","index.html"
"k","h",,"322","1631497733029","index.html"
"e",":","","322","1631497733759","index.html"
"k",":",,"323","1631497733767","index.html"
"e","i","","323","1631497735967","index.html"
"k","i",,"324","1631497735974","index.html"
"e","f","","324","1631497736253","index.html"
"k","f",,"325","1631497736253","index.html"
"e","=","","325","1631497736617","index.html"
"e","""""","","326","1631497736624","index.html"
"k","=",,"327","1631497736625","index.html"
"e","$","","327","1631497740196","index.html"
"k","$",,"328","1631497740197","index.html"
"e","{","","328","1631497740916","index.html"
"e","}","","329","1631497740924","index.html"
"k","{",,"329","1631497740924","index.html"
"e","}","","330","1631497741209","index.html"
"k","}",,"330","1631497741209","index.html"
"a","Left",,,"1631497741792","index.html"
"e","p","","329","1631497744162","index.html"
"k","p",,"330","1631497744163","index.html"
"e","e","","330","1631497744310","index.html"
"k","e",,"331","1631497744315","index.html"
"e","s","","331","1631497744531","index.html"
"k","s",,"332","1631497744539","index.html"
"e","s","","332","1631497744694","index.html"
"k","s",,"333","1631497744701","index.html"
"e","o","","333","1631497744911","index.html"
"k","o",,"334","1631497744916","index.html"
"e","a","","334","1631497745305","index.html"
"k","a",,"335","1631497745315","index.html"
"e","s","","335","1631497745954","index.html"
"k","s",,"336","1631497745955","index.html"
"e"," ","","336","1631497747326","index.html"
"k"," ",,"337","1631497747327","index.html"
"e","!","","337","1631497748439","index.html"
"k","!",,"338","1631497748440","index.html"
"e","=","","338","1631497748560","index.html"
"k","=",,"339","1631497748561","index.html"
"e"," ","","339","1631497748769","index.html"
"k"," ",,"340","1631497748770","index.html"
"e","n","","340","1631497749765","index.html"
"k","n",,"341","1631497749766","index.html"
"e","u","","341","1631497749959","index.html"
"k","u",,"342","1631497749964","index.html"
"e","l","","342","1631497750305","index.html"
"k","l",,"343","1631497750306","index.html"
"e","l","","343","1631497750508","index.html"
"k","l",,"344","1631497750509","index.html"
"e"," ","","344","1631497751673","index.html"
"k"," ",,"345","1631497751675","index.html"
"e","a","","345","1631497752301","index.html"
"k","a",,"346","1631497752302","index.html"
"e","n","","346","1631497752365","index.html"
"k","n",,"347","1631497752366","index.html"
"e","d","","347","1631497752427","index.html"
"k","d",,"348","1631497752428","index.html"
"e"," ","","348","1631497752648","index.html"
"k"," ",,"349","1631497752649","index.html"
"e","p","","349","1631497753977","index.html"
"k","p",,"350","1631497753978","index.html"
"a","Backspace",,,"1631497754613","index.html"
"e","","p","349","1631497754625","index.html"
"e","!","","349","1631497756256","index.html"
"k","!",,"350","1631497756257","index.html"
"e","p","","350","1631497758144","index.html"
"k","p",,"351","1631497758146","index.html"
"e","e","","351","1631497758213","index.html"
"k","e",,"352","1631497758214","index.html"
"e","s","","352","1631497758227","index.html"
"k","s",,"353","1631497758228","index.html"
"e","s","","353","1631497758251","index.html"
"k","s",,"354","1631497758251","index.html"
"e","o","","354","1631497758272","index.html"
"k","o",,"355","1631497758272","index.html"
"e","a","","355","1631497758436","index.html"
"k","a",,"356","1631497758437","index.html"
"e","s","","356","1631497758758","index.html"
"k","s",,"357","1631497758759","index.html"
"e",".","","357","1631497760921","index.html"
"k",".",,"358","1631497760923","index.html"
"e","e","","358","1631497761121","index.html"
"k","e",,"359","1631497761122","index.html"
"e","m","","359","1631497761274","index.html"
"k","m",,"360","1631497761275","index.html"
"e","p","","360","1631497761769","index.html"
"k","p",,"361","1631497761770","index.html"
"e","t","","361","1631497762188","index.html"
"k","t",,"362","1631497762188","index.html"
"e","y","","362","1631497762312","index.html"
"k","y",,"363","1631497762313","index.html"
"a","Right",,,"1631497764134","index.html"
"a","Right",,,"1631497764329","index.html"
"a","Right",,,"1631497764511","index.html"
"a","Right",,,"1631497764685","index.html"
"a","Right",,,"1631497764866","index.html"
"a","Right",,,"1631497765034","index.html"
"a","Right",,,"1631497765338","index.html"
"a","Right",,,"1631497765537","index.html"
"a","Right",,,"1631497765702","index.html"
"a","Right",,,"1631497765868","index.html"
"a","Right",,,"1631497766049","index.html"
"a","Left",,,"1631497766624","index.html"
"a","Left with Selection",,,"1631497767073","index.html"
"a","Left with Selection",,,"1631497767257","index.html"
"a","Left with Selection",,,"1631497767413","index.html"
"a","Left with Selection",,,"1631497767579","index.html"
"a","Left with Selection",,,"1631497767754","index.html"
"a","Left with Selection",,,"1631497768073","index.html"
"a","Cut",,,"1631497769121","index.html"
"c","</div>",,"367","1631497769122","index.html"
"e","","</div>","367","1631497769136","index.html"
"a","Down",,,"1631497769796","index.html"
"a","Down",,,"1631497770314","index.html"
"a","Down",,,"1631497770348","index.html"
"a","Down",,,"1631497770383","index.html"
"a","Down",,,"1631497770417","index.html"
"a","Down",,,"1631497770451","index.html"
"a","Down",,,"1631497770660","index.html"
"a","Down",,,"1631497770863","index.html"
"a","Down",,,"1631497771055","index.html"
"a","Down",,,"1631497771708","index.html"
"a","Down",,,"1631497771904","index.html"
"a","Down",,,"1631497772079","index.html"
"a","Down",,,"1631497772268","index.html"
"a","Down",,,"1631497772454","index.html"
"a","Down",,,"1631497772657","index.html"
"a","Down",,,"1631497773348","index.html"
"a","Paste",,,"1631497774580","index.html"
"p","</div>",,"744","1631497774580","index.html"
"e","</div>","","744","1631497774591","index.html"
"a","Up",,,"1631497775223","index.html"
"a","Right",,,"1631497775754","index.html"
"a","Right",,,"1631497775991","index.html"
"a","Up with Selection",,,"1631497776948","index.html"
"a","Up with Selection",,,"1631497777467","index.html"
"a","Up with Selection",,,"1631497777501","index.html"
"a","Up with Selection",,,"1631497777534","index.html"
"a","Up with Selection",,,"1631497777567","index.html"
"a","Up with Selection",,,"1631497777601","index.html"
"a","Up with Selection",,,"1631497777635","index.html"
"a","Up with Selection",,,"1631497777670","index.html"
"a","Up with Selection",,,"1631497778175","index.html"
"a","Up with Selection",,,"1631497778362","index.html"
"a","Up with Selection",,,"1631497778543","index.html"
"a","Up with Selection",,,"1631497778708","index.html"
"a","Up with Selection",,,"1631497778882","index.html"
"a","Up with Selection",,,"1631497779057","index.html"
"a","Left with Selection",,,"1631497779875","index.html"
"a","Left with Selection",,,"1631497780396","index.html"
"a","Left with Selection",,,"1631497780428","index.html"
"a","Left with Selection",,,"1631497780462","index.html"
"a","Left with Selection",,,"1631497780498","index.html"
"a","Left with Selection",,,"1631497780532","index.html"
"a","Left with Selection",,,"1631497780872","index.html"
"a","Left with Selection",,,"1631497781234","index.html"
"a","Indent Selection",,,"1631497782020","index.html"
"e","    ","","368","1631497782044","index.html"
"e","    ","","391","1631497782052","index.html"
"e","    ","","412","1631497782057","index.html"
"e","    ","","438","1631497782062","index.html"
"e","    ","","469","1631497782068","index.html"
"e","    ","","496","1631497782073","index.html"
"e","    ","","518","1631497782079","index.html"
"e","    ","","532","1631497782084","index.html"
"e","    ","","582","1631497782089","index.html"
"e","    ","","629","1631497782095","index.html"
"e","    ","","681","1631497782100","index.html"
"e","    ","","729","1631497782105","index.html"
"a","Down",,,"1631497782712","index.html"
"a","Down",,,"1631497782930","index.html"
"a","Down",,,"1631497783134","index.html"
"a","Down",,,"1631497783652","index.html"
"a","Down",,,"1631497783687","index.html"
"a","Down",,,"1631497783721","index.html"
"a","Down",,,"1631497783755","index.html"
"a","Down",,,"1631497783790","index.html"
"a","Down",,,"1631497783823","index.html"
"a","Down",,,"1631497783858","index.html"
"a","Down",,,"1631497783892","index.html"
"a","Down",,,"1631497783926","index.html"
"a","Down",,,"1631497784072","index.html"
"a","Down",,,"1631497784275","index.html"
"a","Down",,,"1631497784458","index.html"
"a","Down",,,"1631497784638","index.html"
"a","Down",,,"1631497785046","index.html"
"a","Up",,,"1631497786166","index.html"
"k","d",,"812","1631497788094","index.html"
"k","i",,"813","1631497788604","index.html"
"k","v",,"814","1631497788763","index.html"
"a","Backspace",,,"1631497789143","index.html"
"a","Backspace",,,"1631497789319","index.html"
"a","Backspace",,,"1631497789470","index.html"
"a","Up",,,"1631497790198","index.html"
"a","Up",,,"1631497790716","index.html"
"a","Up",,,"1631497790751","index.html"
"a","Up",,,"1631497790785","index.html"
"a","Up",,,"1631497790819","index.html"
"a","Up",,,"1631497790853","index.html"
"a","Up",,,"1631497790888","index.html"
"a","Up",,,"1631497790922","index.html"
"a","Up",,,"1631497790955","index.html"
"a","Up",,,"1631497790990","index.html"
"a","Up",,,"1631497791027","index.html"
"a","Up",,,"1631497791058","index.html"
"a","Up",,,"1631497791093","index.html"
"a","Up",,,"1631497791127","index.html"
"a","Up",,,"1631497791162","index.html"
"a","Up",,,"1631497791196","index.html"
"a","Up",,,"1631497791230","index.html"
"a","Up",,,"1631497791264","index.html"
"a","Up",,,"1631497791299","index.html"
"a","Up",,,"1631497791332","index.html"
"a","Up",,,"1631497791366","index.html"
"a","Up",,,"1631497791401","index.html"
"a","Up",,,"1631497791436","index.html"
"a","Up",,,"1631497791470","index.html"
"a","Up",,,"1631497791504","index.html"
"a","Up",,,"1631497797254","index.html"
"a","Up",,,"1631497797771","index.html"
"a","Up",,,"1631497797806","index.html"
"a","Up",,,"1631497797839","index.html"
"a","Up",,,"1631497797873","index.html"
"a","Up",,,"1631497797908","index.html"
"a","Up",,,"1631497797942","index.html"
"a","Up",,,"1631497797976","index.html"
"a","Up",,,"1631497798247","index.html"
"a","Up",,,"1631497798452","index.html"
"a","Down",,,"1631497798811","index.html"
"a","Down",,,"1631497799329","index.html"
"a","Down",,,"1631497799363","index.html"
"a","Down",,,"1631497799398","index.html"
"a","Down",,,"1631497799432","index.html"
"a","Down",,,"1631497799466","index.html"
"a","Down",,,"1631497799501","index.html"
"a","Down",,,"1631497799535","index.html"
"a","Down",,,"1631497799569","index.html"
"a","Down",,,"1631497799603","index.html"
"a","Down",,,"1631497799638","index.html"
"a","Down",,,"1631497800233","index.html"
"a","Down",,,"1631497805634","index.html"
"a","Left",,,"1631497806030","index.html"
"a","Left",,,"1631497806549","index.html"
"a","Left",,,"1631497806583","index.html"
"a","Left",,,"1631497806617","index.html"
"a","Left",,,"1631497806651","index.html"
"a","Left",,,"1631497806686","index.html"
"a","Left",,,"1631497806720","index.html"
"a","Left",,,"1631497806754","index.html"
"a","Left",,,"1631497806789","index.html"
"a","Left",,,"1631497806824","index.html"
"a","Left",,,"1631497806857","index.html"
"a","Left",,,"1631497806891","index.html"
"a","Left",,,"1631497806926","index.html"
"a","Left",,,"1631497806960","index.html"
"a","Left",,,"1631497806994","index.html"
"a","Left",,,"1631497807029","index.html"
"a","Left",,,"1631497807063","index.html"
"a","Left",,,"1631497807096","index.html"
"a","Left",,,"1631497807131","index.html"
"a","Left",,,"1631497807165","index.html"
"a","Left",,,"1631497807636","index.html"
"a","Left",,,"1631497807928","index.html"
"a","Left",,,"1631497808159","index.html"
"a","Right with Selection",,,"1631497808899","index.html"
"a","Right with Selection",,,"1631497809418","index.html"
"a","Right with Selection",,,"1631497809452","index.html"
"a","Right with Selection",,,"1631497809487","index.html"
"a","Right with Selection",,,"1631497809521","index.html"
"a","Right with Selection",,,"1631497809555","index.html"
"a","Right with Selection",,,"1631497809590","index.html"
"a","Right with Selection",,,"1631497809624","index.html"
"a","Right with Selection",,,"1631497809658","index.html"
"a","Right with Selection",,,"1631497809692","index.html"
"a","Right with Selection",,,"1631497809730","index.html"
"a","Right with Selection",,,"1631497809761","index.html"
"a","Right with Selection",,,"1631497809794","index.html"
"a","Right with Selection",,,"1631497809829","index.html"
"a","Right with Selection",,,"1631497809863","index.html"
"a","Right with Selection",,,"1631497809897","index.html"
"a","Right with Selection",,,"1631497809931","index.html"
"a","Right with Selection",,,"1631497809966","index.html"
"a","Right with Selection",,,"1631497810000","index.html"
"a","Right with Selection",,,"1631497810034","index.html"
"a","Right with Selection",,,"1631497810069","index.html"
"a","Right with Selection",,,"1631497810103","index.html"
"a","Right with Selection",,,"1631497810138","index.html"
"a","Right with Selection",,,"1631497810171","index.html"
"a","Right with Selection",,,"1631497810205","index.html"
"a","Right with Selection",,,"1631497810239","index.html"
"a","Right with Selection",,,"1631497810274","index.html"
"a","Right with Selection",,,"1631497810308","index.html"
"a","Right with Selection",,,"1631497810343","index.html"
"a","Right with Selection",,,"1631497810377","index.html"
"a","Right with Selection",,,"1631497810411","index.html"
"a","Right with Selection",,,"1631497810446","index.html"
"a","Right with Selection",,,"1631497810480","index.html"
"a","Right with Selection",,,"1631497810514","index.html"
"a","Right with Selection",,,"1631497810548","index.html"
"a","Right with Selection",,,"1631497810582","index.html"
"a","Right with Selection",,,"1631497810616","index.html"
"a","Right with Selection",,,"1631497810651","index.html"
"a","Right with Selection",,,"1631497810685","index.html"
"a","Right with Selection",,,"1631497810719","index.html"
"a","Right with Selection",,,"1631497810753","index.html"
"a","Right with Selection",,,"1631497810788","index.html"
"a","Right with Selection",,,"1631497810822","index.html"
"a","Right with Selection",,,"1631497810986","index.html"
"a","Right with Selection",,,"1631497811205","index.html"
"a","Right with Selection",,,"1631497811434","index.html"
"a","Right with Selection",,,"1631497811617","index.html"
"a","Right with Selection",,,"1631497811783","index.html"
"a","Right with Selection",,,"1631497811958","index.html"
"a","Right with Selection",,,"1631497812124","index.html"
"a","Right with Selection",,,"1631497812307","index.html"
"a","Right with Selection",,,"1631497814573","index.html"
"a","Copy",,,"1631497815553","index.html"
"c","<div th:if=""${pessoas != null and !pessoas.empty}}"">",,"315","1631497815554","index.html"
"a","Right",,,"1631497816072","index.html"
"a","Left",,,"1631497816704","index.html"
"a","Left",,,"1631497817629","index.html"
"a","Backspace",,,"1631497818041","index.html"
"a","Down",,,"1631497818522","index.html"
"a","Down",,,"1631497818718","index.html"
"a","Down",,,"1631497818912","index.html"
"a","Down",,,"1631497819109","index.html"
"a","Down",,,"1631497819627","index.html"
"a","Down",,,"1631497819662","index.html"
"a","Down",,,"1631497819696","index.html"
"a","Down",,,"1631497819730","index.html"
"a","Down",,,"1631497819765","index.html"
"a","Down",,,"1631497819800","index.html"
"a","Down",,,"1631497819832","index.html"
"a","Down",,,"1631497819866","index.html"
"a","Down",,,"1631497819901","index.html"
"a","Down",,,"1631497819935","index.html"
"a","Down",,,"1631497819970","index.html"
"a","Down",,,"1631497820004","index.html"
"a","Down",,,"1631497820038","index.html"
"a","Down",,,"1631497820072","index.html"
"a","Down",,,"1631497820107","index.html"
"a","Down",,,"1631497820140","index.html"
"a","Down",,,"1631497820174","index.html"
"a","Down",,,"1631497820210","index.html"
"a","Up",,,"1631497820906","index.html"
"a","Up",,,"1631497821139","index.html"
"a","Up",,,"1631497821309","index.html"
"a","Up",,,"1631497823749","index.html"
"a","Paste",,,"1631497824669","index.html"
"p","<div th:if=""${pessoas != null and !pessoas.empty}}"">",,"810","1631497824670","index.html"
"a","Enter",,,"1631497825452","index.html"
"k","<",,"868","1631497826719","index.html"
"k","/",,"869","1631497827313","index.html"
"a","Up",,,"1631497828927","index.html"
"a","Right",,,"1631497829230","index.html"
"a","Right",,,"1631497829749","index.html"
"a","Right",,,"1631497829783","index.html"
"a","Right",,,"1631497829818","index.html"
"a","Right",,,"1631497829852","index.html"
"a","Right",,,"1631497829887","index.html"
"a","Right",,,"1631497829923","index.html"
"a","Right",,,"1631497829955","index.html"
"a","Right",,,"1631497829989","index.html"
"a","Right",,,"1631497830023","index.html"
"a","Right",,,"1631497830057","index.html"
"a","Right",,,"1631497830092","index.html"
"a","Right",,,"1631497830126","index.html"
"a","Right",,,"1631497830160","index.html"
"a","Right",,,"1631497830352","index.html"
"a","Right",,,"1631497830548","index.html"
"a","Right",,,"1631497830714","index.html"
"a","Backspace",,,"1631497831236","index.html"
"k","=",,"833","1631497831801","index.html"
"a","Right",,,"1631497832416","index.html"
"a","Right",,,"1631497832934","index.html"
"a","Right",,,"1631497832968","index.html"
"a","Right",,,"1631497833002","index.html"
"a","Right",,,"1631497833037","index.html"
"a","Right",,,"1631497833071","index.html"
"a","Right",,,"1631497833105","index.html"
"a","Right",,,"1631497833140","index.html"
"a","Right",,,"1631497833174","index.html"
"a","Right",,,"1631497833208","index.html"
"a","Right",,,"1631497833578","index.html"
"a","Left",,,"1631497834537","index.html"
"a","Backspace",,,"1631497834942","index.html"
"a","Backspace",,,"1631497835132","index.html"
"a","Backspace",,,"1631497835282","index.html"
"k","o",,"841","1631497836013","index.html"
"k","r",,"842","1631497837513","index.html"
"a","Right",,,"1631497837515","index.html"
"a","Right",,,"1631497838000","index.html"
"a","Backspace",,,"1631497838689","index.html"
"a","Right",,,"1631497841071","index.html"
"a","Right",,,"1631497841590","index.html"
"a","Right",,,"1631497841623","index.html"
"a","Right",,,"1631497841658","index.html"
"a","Right",,,"1631497841692","index.html"
"a","Right",,,"1631497841726","index.html"
"a","Right",,,"1631497841761","index.html"
"a","Right",,,"1631497841795","index.html"
"a","Right",,,"1631497841829","index.html"
"a","Right",,,"1631497841864","index.html"
"a","Right",,,"1631497841898","index.html"
"a","Right",,,"1631497841933","index.html"
"a","Right",,,"1631497841967","index.html"
"a","Right",,,"1631497842184","index.html"
"a","Right",,,"1631497842375","index.html"
"a","Right",,,"1631497842556","index.html"
"a","Right",,,"1631497843161","index.html"
"a","Enter",,,"1631497843837","index.html"
"k","A",,"866","1631497845573","index.html"
"k"," ",,"867","1631497845784","index.html"
"k","l",,"868","1631497845989","index.html"
"k","i",,"869","1631497846190","index.html"
"k","s",,"870","1631497846291","index.html"
"k","t",,"871","1631497846410","index.html"
"k","a",,"872","1631497846511","index.html"
"k"," ",,"873","1631497846647","index.html"
"k","d",,"874","1631497846767","index.html"
"k","e",,"875","1631497846873","index.html"
"k"," ",,"876","1631497847339","index.html"
"k","p",,"877","1631497847884","index.html"
"k","e",,"878","1631497847997","index.html"
"k","s",,"879","1631497848228","index.html"
"k","s",,"880","1631497848397","index.html"
"k","o",,"881","1631497848501","index.html"
"k","a",,"882","1631497848637","index.html"
"k","s",,"883","1631497848808","index.html"
"k"," ",,"884","1631497848970","index.html"
"k","e",,"885","1631497849270","index.html"
"k","s",,"886","1631497849491","index.html"
"k","t",,"887","1631497849757","index.html"
"k","á",,"888","1631497850280","index.html"
"k"," ",,"889","1631497850430","index.html"
"k","v",,"890","1631497850660","index.html"
"k","a",,"891","1631497850863","index.html"
"k","z",,"892","1631497851516","index.html"
"k","i",,"893","1631497851694","index.html"
"k","a",,"894","1631497851834","index.html"
"e","","}","364","1631497853377","index.html"
"e","    ","","772","1631497853377","index.html"
"e","    ","","786","1631497853377","index.html"
"e","<div th:if=""${pessoas == null or pessoas.empty}}"">
    A lista de pessoas está vazia
</div>","","806","1631497853377","index.html"
"a","Exit",,,"1631499825933","index.html"
