"a","Find...",,,"1631327821396","pom.xml"
"a","EditorChange",,,"1631327880994","pom.xml"
"a","Down",,,"1631328369593","pom.xml"
"a","Down",,,"1631328370111","pom.xml"
"a","Down",,,"1631328370145","pom.xml"
"a","Down",,,"1631328370180","pom.xml"
"a","Down",,,"1631328370215","pom.xml"
"a","Down",,,"1631328370249","pom.xml"
"a","Down",,,"1631328370282","pom.xml"
"a","Down",,,"1631328370317","pom.xml"
"a","Down",,,"1631328370351","pom.xml"
"a","Down",,,"1631328370386","pom.xml"
"a","Down",,,"1631328370421","pom.xml"
"a","Down",,,"1631328370454","pom.xml"
"a","Down",,,"1631328371377","pom.xml"
"a","Up",,,"1631328371947","pom.xml"
"a","Up",,,"1631328372296","pom.xml"
"a","Down",,,"1631328372709","pom.xml"
"a","Right",,,"1631328373030","pom.xml"
"a","Right",,,"1631328373544","pom.xml"
"a","Right",,,"1631328373577","pom.xml"
"a","Right",,,"1631328373612","pom.xml"
"a","Right",,,"1631328373647","pom.xml"
"a","Right",,,"1631328373681","pom.xml"
"a","Right",,,"1631328373715","pom.xml"
"a","Right",,,"1631328373749","pom.xml"
"a","Right",,,"1631328373783","pom.xml"
"a","Right",,,"1631328373817","pom.xml"
"a","Right",,,"1631328374084","pom.xml"
"a","Right",,,"1631328374285","pom.xml"
"a","Backspace",,,"1631328380746","pom.xml"
"e","<?xml version=""1.0"" encoding=""UTF-8""?>
<project xmlns=""http://maven.apache.org/POM/4.0.0"" xmlns:xsi=""http://www.w3.org/2001/XMLSchema-instance""
	xsi:schemaLocation=""http://maven.apache.org/POM/4.0.0 https://maven.apache.org/xsd/maven-4.0.0.xsd"">
	<modelVersion>4.0.0</modelVersion>
	<parent>
		<groupId>org.springframework.boot</groupId>
		<artifactId>spring-boot-starter-parent</artifactId>
		<version>2.5.4</version>
		<relativePath/> <!-- lookup parent from repository -->
	</parent>
	<groupId>br.org.dag.spring</groupId>
	<artifactId>springdemo</artifactId>
	<version>1.0</version>
	<name>HelloWorldSpringIntellij</name>
	<description>Demo project for Spring Boot in Intellij</description>
	<properties>
		<java.version>1</java.version>
	</properties>
	<dependencies>
		<dependency>
			<groupId>org.springframework.boot</groupId>
			<artifactId>spring-boot-starter-thymeleaf</artifactId>
		</dependency>
		<dependency>
			<groupId>org.springframework.boot</groupId>
			<artifactId>spring-boot-starter-web</artifactId>
		</dependency>

		<dependency>
			<groupId>org.springframework.boot</groupId>
			<artifactId>spring-boot-devtools</artifactId>
			<scope>runtime</scope>
			<optional>true</optional>
		</dependency>
		<dependency>
			<groupId>org.projectlombok</groupId>
			<artifactId>lombok</artifactId>
			<optional>true</optional>
		</dependency>
		<dependency>
			<groupId>org.springframework.boot</groupId>
			<artifactId>spring-boot-starter-test</artifactId>
			<scope>test</scope>
		</dependency>
	</dependencies>

	<build>
		<plugins>
			<plugin>
				<groupId>org.springframework.boot</groupId>
				<artifactId>spring-boot-maven-plugin</artifactId>
				<configuration>
					<excludes>
						<exclude>
							<groupId>org.projectlombok</groupId>
							<artifactId>lombok</artifactId>
						</exclude>
					</excludes>
				</configuration>
			</plugin>
		</plugins>
	</build>

</project>
","","0","1631328380760","pom.xml"
"a","Backspace",,,"1631328380908","pom.xml"
"e","","1","724","1631328380955","pom.xml"
"e","8","","724","1631328382110","pom.xml"
"k","8",,"725","1631328382112","pom.xml"
"a","EditorChange",,,"1631328459883","pom.xml"
"a","Undefined",,,"1631328562041","pom.xml"
"a","EditorChange",,,"1631328690633","pom.xml"
"a","Undefined",,,"1631329126613","pom.xml"
"a","EditorChange",,,"1631329128261","pom.xml"
"a","Creating class Spring.PrimeiroControlador",,,"1631329214247","pom.xml"
"a","Backspace",,,"1631494005793","pom.xml"
"e","","8","724","1631494005812","pom.xml"
"e","1","","724","1631494006407","pom.xml"
"k","1",,"725","1631494006408","pom.xml"
"e","6","","725","1631494006643","pom.xml"
"k","6",,"726","1631494006644","pom.xml"
"a","Enter",,,"1631494013816","pom.xml"
"e","
		","","775","1631494013840","pom.xml"
"a","Enter",,,"1631494014002","pom.xml"
"e","
","","773","1631494015048","pom.xml"
"a","Paste",,,"1631494015420","pom.xml"
"p"," <dependency>
            <groupId>org.springframework.boot</groupId>
            <artifactId>spring-boot-starter-thymeleaf</artifactId>
        </dependency>
        <dependency>
            <groupId>org.springframework.boot</groupId>
            <artifactId>spring-boot-starter-web</artifactId>
        </dependency>
        <dependency>
            <groupId>org.springframework.boot</groupId>
            <artifactId>spring-boot-devtools</artifactId>
            <scope>runtime</scope>
            <optional>true</optional>
        </dependency>
        <dependency>
            <groupId>org.projectlombok</groupId>
            <artifactId>lombok</artifactId>
            <optional>true</optional>
        </dependency>
        <dependency>
            <groupId>mysql</groupId>
            <artifactId>mysql-connector-java</artifactId>
            <scope>runtime</scope>
        </dependency>
        <dependency>
            <groupId>org.springframework.boot</groupId>
            <artifactId>spring-boot-starter-data-jpa</artifactId>
        </dependency>
        <dependency>
            <groupId>org.springframework.boot</groupId>
            <artifactId>spring-boot-starter-test</artifactId>
            <scope>test</scope>
            <exclusions>
                <exclusion>
                    <groupId>org.junit.vintage</groupId>
                    <artifactId>junit-vintage-engine</artifactId>
                </exclusion>
            </exclusions>
        </dependency>",,"776","1631494015453","pom.xml"
"e"," <dependency>
            <groupId>org.springframework.boot</groupId>
            <artifactId>spring-boot-starter-thymeleaf</artifactId>
        </dependency>
        <dependency>
            <groupId>org.springframework.boot</groupId>
            <artifactId>spring-boot-starter-web</artifactId>
        </dependency>
        <dependency>
            <groupId>org.springframework.boot</groupId>
            <artifactId>spring-boot-devtools</artifactId>
            <scope>runtime</scope>
            <optional>true</optional>
        </dependency>
        <dependency>
            <groupId>org.projectlombok</groupId>
            <artifactId>lombok</artifactId>
            <optional>true</optional>
        </dependency>
        <dependency>
            <groupId>mysql</groupId>
            <artifactId>mysql-connector-java</artifactId>
            <scope>runtime</scope>
        </dependency>
        <dependency>
            <groupId>org.springframework.boot</groupId>
            <artifactId>spring-boot-starter-data-jpa</artifactId>
        </dependency>
        <dependency>
            <groupId>org.springframework.boot</groupId>
            <artifactId>spring-boot-starter-test</artifactId>
            <scope>test</scope>
            <exclusions>
                <exclusion>
                    <groupId>org.junit.vintage</groupId>
                    <artifactId>junit-vintage-engine</artifactId>
                </exclusion>
            </exclusions>
        </dependency>","","776","1631494015474","pom.xml"
"e",""," ","776","1631494015526","pom.xml"
"e","","            ","789","1631494015542","pom.xml"
"e","			","","789","1631494015543","pom.xml"
"e","","            ","836","1631494015556","pom.xml"
"e","			","","836","1631494015557","pom.xml"
"e","","        ","894","1631494015572","pom.xml"
"e","		","","894","1631494015573","pom.xml"
"e","","        ","910","1631494015588","pom.xml"
"e","		","","910","1631494015589","pom.xml"
"e","","            ","925","1631494015603","pom.xml"
"e","			","","925","1631494015604","pom.xml"
"e","","            ","972","1631494015618","pom.xml"
"e","			","","972","1631494015619","pom.xml"
"e","","        ","1024","1631494015632","pom.xml"
"e","		","","1024","1631494015633","pom.xml"
"e","","        ","1040","1631494015646","pom.xml"
"e","		","","1040","1631494015647","pom.xml"
"e","","            ","1055","1631494015659","pom.xml"
"e","			","","1055","1631494015660","pom.xml"
"e","","            ","1102","1631494015673","pom.xml"
"e","			","","1102","1631494015674","pom.xml"
"e","","            ","1151","1631494015704","pom.xml"
"e","			","","1151","1631494015705","pom.xml"
"e","","            ","1177","1631494015721","pom.xml"
"e","			","","1177","1631494015722","pom.xml"
"e","","        ","1206","1631494015821","pom.xml"
"e","		","","1206","1631494015822","pom.xml"
"e","","        ","1222","1631494016039","pom.xml"
"e","		","","1222","1631494016040","pom.xml"
"e","","            ","1237","1631494016058","pom.xml"
"e","			","","1237","1631494016059","pom.xml"
"e","","            ","1277","1631494016074","pom.xml"
"e","			","","1277","1631494016075","pom.xml"
"e","","            ","1312","1631494016089","pom.xml"
"e","			","","1312","1631494016090","pom.xml"
"e","","        ","1341","1631494016104","pom.xml"
"e","		","","1341","1631494016105","pom.xml"
"e","","        ","1357","1631494016120","pom.xml"
"e","		","","1357","1631494016121","pom.xml"
"e","","            ","1372","1631494016136","pom.xml"
"e","			","","1372","1631494016137","pom.xml"
"e","","            ","1400","1631494016152","pom.xml"
"e","			","","1400","1631494016153","pom.xml"
"e","","            ","1449","1631494016168","pom.xml"
"e","			","","1449","1631494016169","pom.xml"
"e","","        ","1475","1631494016183","pom.xml"
"e","		","","1475","1631494016184","pom.xml"
"e","","        ","1491","1631494016199","pom.xml"
"e","		","","1491","1631494016200","pom.xml"
"e","","            ","1506","1631494016217","pom.xml"
"e","			","","1506","1631494016218","pom.xml"
"e","","            ","1553","1631494016238","pom.xml"
"e","			","","1553","1631494016239","pom.xml"
"e","","        ","1610","1631494016253","pom.xml"
"e","		","","1610","1631494016254","pom.xml"
"e","","        ","1626","1631494016268","pom.xml"
"e","		","","1626","1631494016269","pom.xml"
"e","","            ","1641","1631494016284","pom.xml"
"e","			","","1641","1631494016285","pom.xml"
"e","","            ","1688","1631494016352","pom.xml"
"e","			","","1688","1631494016353","pom.xml"
"e","","            ","1741","1631494016366","pom.xml"
"e","			","","1741","1631494016367","pom.xml"
"e","","            ","1764","1631494016384","pom.xml"
"e","			","","1764","1631494016385","pom.xml"
"e","","                ","1780","1631494016405","pom.xml"
"e","				","","1780","1631494016406","pom.xml"
"e","","                    ","1796","1631494016422","pom.xml"
"e","					","","1796","1631494016423","pom.xml"
"e","","                    ","1838","1631494016439","pom.xml"
"e","					","","1838","1631494016440","pom.xml"
"e","","                ","1889","1631494016459","pom.xml"
"e","				","","1889","1631494016460","pom.xml"
"e","","            ","1906","1631494016479","pom.xml"
"e","			","","1906","1631494016480","pom.xml"
"e","","        ","1923","1631494016500","pom.xml"
"e","		","","1923","1631494016501","pom.xml"
"a","Down",,,"1631494046265","pom.xml"
"a","Down",,,"1631494046446","pom.xml"
"a","Down",,,"1631494046631","pom.xml"
"a","Down",,,"1631494046795","pom.xml"
"a","Down",,,"1631494046965","pom.xml"
"a","Down",,,"1631494047148","pom.xml"
"a","Down",,,"1631494047313","pom.xml"
"a","Down",,,"1631494047497","pom.xml"
"a","Down",,,"1631494047669","pom.xml"
"a","Down",,,"1631494047856","pom.xml"
"a","Up",,,"1631494048213","pom.xml"
"a","Up",,,"1631494048729","pom.xml"
"a","Up",,,"1631494048764","pom.xml"
"a","Up",,,"1631494048797","pom.xml"
"a","Up",,,"1631494048832","pom.xml"
"a","Up",,,"1631494048866","pom.xml"
"a","Up",,,"1631494048899","pom.xml"
"a","Up",,,"1631494048934","pom.xml"
"a","Up",,,"1631494048969","pom.xml"
"a","Up",,,"1631494049005","pom.xml"
"a","Down",,,"1631494049398","pom.xml"
"a","Down",,,"1631494049610","pom.xml"
"a","Left",,,"1631494050398","pom.xml"
"a","Left",,,"1631494051006","pom.xml"
"a","Left",,,"1631494051525","pom.xml"
"a","Left",,,"1631494051559","pom.xml"
"a","Left",,,"1631494051593","pom.xml"
"a","Left",,,"1631494051628","pom.xml"
"a","Left",,,"1631494051663","pom.xml"
"a","Left",,,"1631494051842","pom.xml"
"a","Left",,,"1631494052028","pom.xml"
"a","Left",,,"1631494052220","pom.xml"
"a","Down with Selection",,,"1631494053014","pom.xml"
"a","Down with Selection",,,"1631494053209","pom.xml"
"a","Down with Selection",,,"1631494053392","pom.xml"
"a","Down with Selection",,,"1631494053576","pom.xml"
"a","Down with Selection",,,"1631494053739","pom.xml"
"a","Down with Selection",,,"1631494053922","pom.xml"
"a","Down with Selection",,,"1631494054443","pom.xml"
"a","Down with Selection",,,"1631494054475","pom.xml"
"a","Down with Selection",,,"1631494054509","pom.xml"
"a","Down with Selection",,,"1631494054543","pom.xml"
"a","Down with Selection",,,"1631494054577","pom.xml"
"a","Down with Selection",,,"1631494054612","pom.xml"
"a","Down with Selection",,,"1631494054646","pom.xml"
"a","Down with Selection",,,"1631494055134","pom.xml"
"a","Down with Selection",,,"1631494055344","pom.xml"
"a","Down with Selection",,,"1631494055537","pom.xml"
"a","Down with Selection",,,"1631494056051","pom.xml"
"a","Down with Selection",,,"1631494056260","pom.xml"
"a","Down with Selection",,,"1631494056587","pom.xml"
"a","Down with Selection",,,"1631494056851","pom.xml"
"a","Down with Selection",,,"1631494057160","pom.xml"
"a","Down with Selection",,,"1631494057397","pom.xml"
"a","Up with Selection",,,"1631494058020","pom.xml"
"a","Up with Selection",,,"1631494058212","pom.xml"
"a","Up with Selection",,,"1631494058414","pom.xml"
"a","Up with Selection",,,"1631494058634","pom.xml"
"a","Down with Selection",,,"1631494059451","pom.xml"
"a","Backspace",,,"1631494060468","pom.xml"
"e","","		<dependency>
			<groupId>org.springframework.boot</groupId>
			<artifactId>spring-boot-starter-thymeleaf</artifactId>
		</dependency>
		<dependency>
			<groupId>org.springframework.boot</groupId>
			<artifactId>spring-boot-starter-web</artifactId>
		</dependency>
		<dependency>
			<groupId>org.springframework.boot</groupId>
			<artifactId>spring-boot-devtools</artifactId>
			<scope>runtime</scope>
			<optional>true</optional>
		</dependency>
		<dependency>
			<groupId>org.projectlombok</groupId>
			<artifactId>lombok</artifactId>
			<optional>true</optional>
		</dependency>
","774","1631494060496","pom.xml"
"a","Down",,,"1631494081976","pom.xml"
"a","Down",,,"1631494082181","pom.xml"
"a","Down",,,"1631494082383","pom.xml"
"a","Up",,,"1631494082854","pom.xml"
"a","Up",,,"1631494083679","pom.xml"
"a","Left",,,"1631494084003","pom.xml"
"a","Left",,,"1631494084522","pom.xml"
"a","Left",,,"1631494084556","pom.xml"
"a","Left",,,"1631494084590","pom.xml"
"a","Left",,,"1631494084624","pom.xml"
"a","Left",,,"1631494084659","pom.xml"
"a","Left",,,"1631494084877","pom.xml"
"a","Left",,,"1631494085055","pom.xml"
"a","Left",,,"1631494085234","pom.xml"
"a","Left",,,"1631494085409","pom.xml"
"a","Left",,,"1631494085575","pom.xml"
"a","Left",,,"1631494085742","pom.xml"
"a","Down with Selection",,,"1631494086568","pom.xml"
"a","Down with Selection",,,"1631494086751","pom.xml"
"a","Down with Selection",,,"1631494086927","pom.xml"
"a","Down with Selection",,,"1631494087101","pom.xml"
"a","Down with Selection",,,"1631494087284","pom.xml"
"a","Down with Selection",,,"1631494087459","pom.xml"
"a","Down with Selection",,,"1631494087643","pom.xml"
"a","Down with Selection",,,"1631494087933","pom.xml"
"a","Up with Selection",,,"1631494088234","pom.xml"
"a","Up with Selection",,,"1631494088437","pom.xml"
"a","Up with Selection",,,"1631494088619","pom.xml"
"a","Down with Selection",,,"1631494089016","pom.xml"
"a","Down with Selection",,,"1631494089200","pom.xml"
"a","Down with Selection",,,"1631494089383","pom.xml"
"a","Down with Selection",,,"1631494089558","pom.xml"
"a","Down with Selection",,,"1631494089751","pom.xml"
"a","Down with Selection",,,"1631494089980","pom.xml"
"a","Up with Selection",,,"1631494090556","pom.xml"
"a","Down with Selection",,,"1631494091034","pom.xml"
"a","Left with Selection",,,"1631494091757","pom.xml"
"a","Left with Selection",,,"1631494091974","pom.xml"
"a","Left with Selection",,,"1631494092168","pom.xml"
"a","Backspace",,,"1631494093184","pom.xml"
"e","","<dependency>
			<groupId>org.springframework.boot</groupId>
			<artifactId>spring-boot-starter-test</artifactId>
			<scope>test</scope>
			<exclusions>
				<exclusion>
					<groupId>org.junit.vintage</groupId>
					<artifactId>junit-vintage-engine</artifactId>
				</exclusion>
			</exclusions>
		</dependency>","1045","1631494093206","pom.xml"
"a","Down",,,"1631494093977","pom.xml"
"a","Down",,,"1631494094495","pom.xml"
"a","Down",,,"1631494094531","pom.xml"
"a","Down",,,"1631494094566","pom.xml"
"a","Down",,,"1631494094599","pom.xml"
"a","Down",,,"1631494094632","pom.xml"
"a","Down",,,"1631494094666","pom.xml"
"a","Down",,,"1631494094701","pom.xml"
"a","Down",,,"1631494094738","pom.xml"
"a","Down",,,"1631494094770","pom.xml"
"a","Down",,,"1631494094804","pom.xml"
"a","Down",,,"1631494094838","pom.xml"
"a","Down",,,"1631494094872","pom.xml"
"a","Down",,,"1631494094907","pom.xml"
"a","Down",,,"1631494094941","pom.xml"
"a","Down",,,"1631494094975","pom.xml"
"a","Down",,,"1631494095206","pom.xml"
"a","Down",,,"1631494095724","pom.xml"
"a","Down",,,"1631494095757","pom.xml"
"a","Down",,,"1631494095793","pom.xml"
"a","Down",,,"1631494095827","pom.xml"
"a","Down",,,"1631494095860","pom.xml"
"a","Down",,,"1631494095895","pom.xml"
"a","Down",,,"1631494095929","pom.xml"
"a","Down",,,"1631494095963","pom.xml"
"a","Down",,,"1631494095997","pom.xml"
"a","Down",,,"1631494096033","pom.xml"
"a","Down",,,"1631494096065","pom.xml"
"a","Down",,,"1631494096100","pom.xml"
"a","Down",,,"1631494096134","pom.xml"
"a","Down",,,"1631494096169","pom.xml"
"a","Down",,,"1631494096203","pom.xml"
"a","Down",,,"1631494096503","pom.xml"
"a","Up",,,"1631494096839","pom.xml"
"a","Up",,,"1631494097357","pom.xml"
"a","Up",,,"1631494097391","pom.xml"
"a","Up",,,"1631494097424","pom.xml"
"a","Up",,,"1631494097459","pom.xml"
"a","Up",,,"1631494097493","pom.xml"
"a","Up",,,"1631494097527","pom.xml"
"a","Up",,,"1631494097562","pom.xml"
"a","Up",,,"1631494097596","pom.xml"
"a","Up",,,"1631494097631","pom.xml"
"a","Up",,,"1631494097665","pom.xml"
"a","Up",,,"1631494097699","pom.xml"
"a","Up",,,"1631494097733","pom.xml"
"a","Up",,,"1631494097768","pom.xml"
"a","Up",,,"1631494097801","pom.xml"
"a","Up",,,"1631494097835","pom.xml"
"a","Up",,,"1631494097870","pom.xml"
"a","Up",,,"1631494097904","pom.xml"
"a","Up",,,"1631494097938","pom.xml"
"a","Up",,,"1631494097973","pom.xml"
"a","Up",,,"1631494098008","pom.xml"
"a","Up",,,"1631494098041","pom.xml"
"a","Up",,,"1631494098076","pom.xml"
"a","Up",,,"1631494098110","pom.xml"
"a","Up",,,"1631494098145","pom.xml"
"a","Up",,,"1631494098178","pom.xml"
"a","Up",,,"1631494098212","pom.xml"
"a","Up",,,"1631494098247","pom.xml"
"a","Up",,,"1631494098281","pom.xml"
"a","Up",,,"1631494098315","pom.xml"
"a","Up",,,"1631494098349","pom.xml"
"a","Up",,,"1631494098384","pom.xml"
"a","Up",,,"1631494098418","pom.xml"
"a","Up",,,"1631494098452","pom.xml"
"a","Up",,,"1631494098487","pom.xml"
"a","Up",,,"1631494098521","pom.xml"
"a","Up",,,"1631494098554","pom.xml"
"a","Up",,,"1631494098589","pom.xml"
"a","Up",,,"1631494098623","pom.xml"
"a","Up",,,"1631494098657","pom.xml"
"a","Up",,,"1631494098692","pom.xml"
"a","Up",,,"1631494098726","pom.xml"
"a","Up",,,"1631494098761","pom.xml"
"a","Up",,,"1631494098795","pom.xml"
"a","Up",,,"1631494098829","pom.xml"
"a","Up",,,"1631494098863","pom.xml"
"a","Up",,,"1631494098898","pom.xml"
"a","Up",,,"1631494098931","pom.xml"
"a","Up",,,"1631494098965","pom.xml"
"a","Up",,,"1631494099004","pom.xml"
"a","Up",,,"1631494099034","pom.xml"
"a","Up",,,"1631494099068","pom.xml"
"a","Up",,,"1631494099103","pom.xml"
"a","Up",,,"1631494099723","pom.xml"
"a","Up",,,"1631494100241","pom.xml"
"a","Up",,,"1631494100275","pom.xml"
"a","Up",,,"1631494100309","pom.xml"
"a","Up",,,"1631494100344","pom.xml"
"a","Up",,,"1631494100378","pom.xml"
"a","Up",,,"1631494100413","pom.xml"
"a","Down",,,"1631494100617","pom.xml"
"a","Down",,,"1631494101136","pom.xml"
"a","Down",,,"1631494101170","pom.xml"
"a","Down",,,"1631494101204","pom.xml"
"a","Down",,,"1631494101238","pom.xml"
"a","Down",,,"1631494101272","pom.xml"
"a","Down",,,"1631494101306","pom.xml"
"a","Down",,,"1631494101342","pom.xml"
"a","Down",,,"1631494101375","pom.xml"
"a","Down",,,"1631494101409","pom.xml"
"a","Down",,,"1631494101444","pom.xml"
"a","Down",,,"1631494101478","pom.xml"
"a","Down",,,"1631494101512","pom.xml"
"a","Down",,,"1631494101547","pom.xml"
"a","Down",,,"1631494101580","pom.xml"
"a","Down",,,"1631494101614","pom.xml"
"a","Down",,,"1631494101649","pom.xml"
"a","Down",,,"1631494101683","pom.xml"
"a","Down",,,"1631494101717","pom.xml"
"a","Down",,,"1631494101752","pom.xml"
"a","Down",,,"1631494101789","pom.xml"
"a","Down",,,"1631494101820","pom.xml"
"a","Down",,,"1631494101855","pom.xml"
"a","Down",,,"1631494101889","pom.xml"
"a","Down",,,"1631494101923","pom.xml"
"a","Down",,,"1631494101958","pom.xml"
"a","Down",,,"1631494101991","pom.xml"
"a","Down",,,"1631494102026","pom.xml"
"a","Down",,,"1631494102060","pom.xml"
"e","","		","1043","1631494109849","pom.xml"
"a","EditorChange",,,"1631494129009","pom.xml"
"a","Add Maven Dependency...",,,"1631494150075","pom.xml"
"a","Add Maven Dependency...",,,"1631494155751","pom.xml"
"a","Enter",,,"1631494244792","pom.xml"
"e","
        ","","1042","1631494244834","pom.xml"
"a","Comment with Line Comment",,,"1631494246887","pom.xml"
"e","-->","","1051","1631494246912","pom.xml"
"e","<!--","","1043","1631494246927","pom.xml"
"e","N","","1055","1631494248372","pom.xml"
"k","N",,"1056","1631494248373","pom.xml"
"e","o","","1056","1631494248652","pom.xml"
"k","o",,"1057","1631494248653","pom.xml"
"e","t","","1057","1631494248933","pom.xml"
"k","t",,"1058","1631494248934","pom.xml"
"e"," ","","1058","1631494249068","pom.xml"
"k"," ",,"1059","1631494249069","pom.xml"
"e","e","","1059","1631494249164","pom.xml"
"k","e",,"1060","1631494249165","pom.xml"
"e","m","","1060","1631494249332","pom.xml"
"k","m",,"1061","1631494249333","pom.xml"
"e","p","","1061","1631494249498","pom.xml"
"k","p",,"1062","1631494249499","pom.xml"
"e","t","","1062","1631494250065","pom.xml"
"k","t",,"1063","1631494250066","pom.xml"
"e","y","","1063","1631494250346","pom.xml"
"k","y",,"1064","1631494250348","pom.xml"
"e"," ","","1064","1631494250457","pom.xml"
"k"," ",,"1065","1631494250458","pom.xml"
"e","v","","1065","1631494252441","pom.xml"
"k","v",,"1066","1631494252443","pom.xml"
"e","a","","1066","1631494252535","pom.xml"
"k","a",,"1067","1631494252536","pom.xml"
"e","l","","1067","1631494253558","pom.xml"
"k","l",,"1068","1631494253561","pom.xml"
"e","i","","1068","1631494254072","pom.xml"
"k","i",,"1069","1631494254074","pom.xml"
"e","d","","1069","1631494254250","pom.xml"
"k","d",,"1070","1631494254251","pom.xml"
"e","a","","1070","1631494254423","pom.xml"
"k","a",,"1071","1631494254425","pom.xml"
"e","t","","1071","1631494254644","pom.xml"
"k","t",,"1072","1631494254645","pom.xml"
"e","i","","1072","1631494255652","pom.xml"
"k","i",,"1073","1631494255653","pom.xml"
"e","o","","1073","1631494255806","pom.xml"
"k","o",,"1074","1631494255807","pom.xml"
"e","n","","1074","1631494256050","pom.xml"
"k","n",,"1075","1631494256051","pom.xml"
"a","Enter",,,"1631494260234","pom.xml"
"e","
","","1080","1631494260561","pom.xml"
"e","        ","","1079","1631494260575","pom.xml"
"a","Paste",,,"1631494261695","pom.xml"
"p","<dependencies> 
    <dependency> 
        <groupId>org.hibernate</groupId>
        <artifactId>hibernate-validator</artifactId>
        <version>6.0.13.Final</version>
    </dependency> 
    <dependency> 
        <groupId>org.glassfish</groupId>
        <artifactId>javax.el</artifactId>
        <version>3.0.0</version>
     </dependency>
</dependencies>",,"1087","1631494261719","pom.xml"
"e","<dependencies>
            <dependency>
                <groupId>org.hibernate</groupId>
                <artifactId>hibernate-validator</artifactId>
                <version>6.0.13.Final</version>
            </dependency>
            <dependency>
                <groupId>org.glassfish</groupId>
        <artifactId>javax.el</artifactId>
        <version>3.0.0</version>
     </dependency>
</dependencies>","","1087","1631494261752","pom.xml"
"e","        ","","1385","1631494261762","pom.xml"
"e","        ","","1435","1631494261777","pom.xml"
"e","       ","","1476","1631494261787","pom.xml"
"e","        ","","1502","1631494261797","pom.xml"
"a","Backspace",,,"1631494267099","pom.xml"
"e","","  <dependencies>","1085","1631494267119","pom.xml"
"a","Backspace",,,"1631494270638","pom.xml"
"e","","      ","1079","1631494271659","pom.xml"
"e","","  </dependencies>","1486","1631494271659","pom.xml"
"e","","      ","1480","1631494315133","pom.xml"
"a","EditorChange",,,"1631494365590","pom.xml"
"a","Import class",,,"1631494368835","pom.xml"
"a","Add Import",,,"1631494370780","pom.xml"
"a","EditorChange",,,"1631494509601","pom.xml"
"a","Down",,,"1631495040899","pom.xml"
"a","Down",,,"1631495041417","pom.xml"
"a","Down",,,"1631495041450","pom.xml"
"a","Down",,,"1631495041484","pom.xml"
"a","Down",,,"1631495041519","pom.xml"
"a","Down",,,"1631495041552","pom.xml"
"a","Down",,,"1631495041587","pom.xml"
"a","Down",,,"1631495041620","pom.xml"
"a","Down",,,"1631495041655","pom.xml"
"a","Down",,,"1631495041689","pom.xml"
"a","Down",,,"1631495041723","pom.xml"
"a","Down",,,"1631495041758","pom.xml"
"a","Down",,,"1631495041792","pom.xml"
"a","Down",,,"1631495041826","pom.xml"
"a","Down",,,"1631495041861","pom.xml"
"a","Down",,,"1631495042391","pom.xml"
"a","Down",,,"1631495042782","pom.xml"
"a","Down",,,"1631495042977","pom.xml"
"a","Down",,,"1631495043204","pom.xml"
"a","Down",,,"1631495044258","pom.xml"
"a","Down",,,"1631495044774","pom.xml"
"a","Down",,,"1631495044807","pom.xml"
"a","Down",,,"1631495044841","pom.xml"
"a","Down",,,"1631495044875","pom.xml"
"a","Down",,,"1631495044909","pom.xml"
"a","Down",,,"1631495044944","pom.xml"
"a","Down",,,"1631495044978","pom.xml"
"a","Down",,,"1631495045011","pom.xml"
"a","Down",,,"1631495045046","pom.xml"
"a","Down",,,"1631495045479","pom.xml"
"a","Down",,,"1631495045995","pom.xml"
"a","Down",,,"1631495046029","pom.xml"
"a","Down",,,"1631495046064","pom.xml"
"a","Down",,,"1631495046098","pom.xml"
"a","Down",,,"1631495046132","pom.xml"
"a","Down",,,"1631495046166","pom.xml"
"a","Down",,,"1631495046201","pom.xml"
"a","Down",,,"1631495046235","pom.xml"
"a","Down",,,"1631495046269","pom.xml"
"a","Down",,,"1631495046303","pom.xml"
"a","Down",,,"1631495046337","pom.xml"
"a","Down",,,"1631495046371","pom.xml"
"a","Down",,,"1631495046406","pom.xml"
"a","Down",,,"1631495046731","pom.xml"
"a","Down",,,"1631495047251","pom.xml"
"a","Down",,,"1631495047284","pom.xml"
"a","Down",,,"1631495047318","pom.xml"
"a","Down",,,"1631495047353","pom.xml"
"a","Down",,,"1631495047387","pom.xml"
"a","Down",,,"1631495047420","pom.xml"
"a","Down",,,"1631495047455","pom.xml"
"a","Down",,,"1631495047489","pom.xml"
"a","Down",,,"1631495047808","pom.xml"
"a","Down",,,"1631495048229","pom.xml"
"a","Down",,,"1631495048885","pom.xml"
"a","Down",,,"1631495049404","pom.xml"
"a","Down",,,"1631495049438","pom.xml"
"a","Down",,,"1631495049473","pom.xml"
"a","Down",,,"1631495049701","pom.xml"
"a","Down",,,"1631495050221","pom.xml"
"a","Down",,,"1631495050254","pom.xml"
"a","Down",,,"1631495050288","pom.xml"
"a","Down",,,"1631495050322","pom.xml"
"a","Down",,,"1631495050356","pom.xml"
"a","Down",,,"1631495050391","pom.xml"
"a","Down",,,"1631495050425","pom.xml"
"a","Down",,,"1631495050460","pom.xml"
"a","Down",,,"1631495050494","pom.xml"
"a","Down",,,"1631495050528","pom.xml"
"a","Down",,,"1631495050562","pom.xml"
"a","Down",,,"1631495050596","pom.xml"
"a","Down",,,"1631495050630","pom.xml"
"a","Down",,,"1631495051238","pom.xml"
"a","Down",,,"1631495051757","pom.xml"
"a","Down",,,"1631495051790","pom.xml"
"a","Down",,,"1631495051823","pom.xml"
"a","Down",,,"1631495051858","pom.xml"
"a","Down",,,"1631495051892","pom.xml"
"a","Down",,,"1631495051927","pom.xml"
"a","Down",,,"1631495051961","pom.xml"
"a","Down",,,"1631495051996","pom.xml"
"a","EditorChange",,,"1631495141627","pom.xml"
"a","EditorChange",,,"1631495147917","pom.xml"
"a","EditorChange",,,"1631495152286","pom.xml"
"a","Close Active Editor",,,"1631495153477","pom.xml"
"a","EditorChange",,,"1631495154838","pom.xml"
"a","Backspace",,,"1631495451014","pom.xml"
"e","","<scope>runtime</scope>","869","1631495451024","pom.xml"
"a","Comment with Line Comment",,,"1631495459218","pom.xml"
"e","","
","869","1631495459237","pom.xml"
"e","-->
<!--","","869","1631495459238","pom.xml"
"e","-->","","892","1631495459237","pom.xml"
"e","<!--","","866","1631495459243","pom.xml"
"e","-->","","865","1631495459249","pom.xml"
"e","<!--","","817","1631495459254","pom.xml"
"e","-->","","816","1631495459260","pom.xml"
"e","<!--","","789","1631495459267","pom.xml"
"e","-->","","788","1631495459272","pom.xml"
"e","<!--","","774","1631495459278","pom.xml"
"a","EditorChange",,,"1631495521381","pom.xml"
"a","EditorChange",,,"1631495527255","pom.xml"
"a","Down",,,"1631495584206","pom.xml"
"a","Down",,,"1631495584726","pom.xml"
"a","Down",,,"1631495584760","pom.xml"
"a","Down",,,"1631495584792","pom.xml"
"a","Down",,,"1631495584826","pom.xml"
"a","Down",,,"1631495584860","pom.xml"
"a","Down",,,"1631495584895","pom.xml"
"a","Down",,,"1631495584929","pom.xml"
"a","Down",,,"1631495584963","pom.xml"
"a","Down",,,"1631495584997","pom.xml"
"a","Down",,,"1631495585032","pom.xml"
"a","Down",,,"1631495585757","pom.xml"
"a","Down",,,"1631495585977","pom.xml"
"a","Down",,,"1631495586196","pom.xml"
"a","Down",,,"1631495587673","pom.xml"
"a","Down",,,"1631495588193","pom.xml"
"a","Down",,,"1631495588226","pom.xml"
"a","Down",,,"1631495588260","pom.xml"
"a","Down",,,"1631495588295","pom.xml"
"a","Down",,,"1631495588329","pom.xml"
"a","Down",,,"1631495588363","pom.xml"
"a","Down",,,"1631495589059","pom.xml"
"a","Down",,,"1631495589265","pom.xml"
"a","Down",,,"1631495589469","pom.xml"
"a","Up",,,"1631495590701","pom.xml"
"a","Up",,,"1631495591218","pom.xml"
"a","Up",,,"1631495591252","pom.xml"
"a","Up",,,"1631495591286","pom.xml"
"a","Up",,,"1631495591319","pom.xml"
"a","Up",,,"1631495591354","pom.xml"
"a","Up",,,"1631495591387","pom.xml"
"a","Up",,,"1631495591423","pom.xml"
"a","Up",,,"1631495591456","pom.xml"
"a","Up",,,"1631495591492","pom.xml"
"a","Left",,,"1631495593957","pom.xml"
"a","Left",,,"1631495594473","pom.xml"
"a","Left",,,"1631495594507","pom.xml"
"a","Left",,,"1631495594540","pom.xml"
"a","Left",,,"1631495594575","pom.xml"
"a","Left",,,"1631495594607","pom.xml"
"a","Left",,,"1631495594641","pom.xml"
"a","Left",,,"1631495594677","pom.xml"
"a","Left",,,"1631495594711","pom.xml"
"a","Left",,,"1631495594744","pom.xml"
"a","Left",,,"1631495594975","pom.xml"
"a","Down",,,"1631495595396","pom.xml"
"a","Down",,,"1631495595913","pom.xml"
"a","Down",,,"1631495595946","pom.xml"
"a","Down",,,"1631495595981","pom.xml"
"a","Down",,,"1631495596015","pom.xml"
"a","Down",,,"1631495596248","pom.xml"
"a","Down",,,"1631495596454","pom.xml"
"a","Down",,,"1631495596975","pom.xml"
"a","Down",,,"1631495597006","pom.xml"
"a","Down",,,"1631495597040","pom.xml"
"a","Down",,,"1631495597076","pom.xml"
"a","Down",,,"1631495597109","pom.xml"
"a","Down",,,"1631495597143","pom.xml"
"a","Down",,,"1631495597177","pom.xml"
"a","Down",,,"1631495597653","pom.xml"
"a","Down",,,"1631495597875","pom.xml"
"a","Up",,,"1631495598404","pom.xml"
"a","Up",,,"1631495598603","pom.xml"
"a","Up",,,"1631495598791","pom.xml"
"a","Up",,,"1631495598972","pom.xml"
"a","Up",,,"1631495599167","pom.xml"
"a","Down with Selection",,,"1631495600181","pom.xml"
"a","Down with Selection",,,"1631495600400","pom.xml"
"a","Down with Selection",,,"1631495600603","pom.xml"
"a","Down with Selection",,,"1631495600831","pom.xml"
"a","Down with Selection",,,"1631495601209","pom.xml"
"a","Comment with Line Comment",,,"1631495602439","pom.xml"
"e","-->","","1492","1631495602512","pom.xml"
"e","<!--","","1467","1631495602703","pom.xml"
"e","-->","","1466","1631495602711","pom.xml"
"e","<!--","","1426","1631495602718","pom.xml"
"e","-->","","1425","1631495602724","pom.xml"
"e","<!--","","1376","1631495602738","pom.xml"
"e","-->","","1375","1631495602744","pom.xml"
"e","<!--","","1327","1631495602750","pom.xml"
"e","-->","","1326","1631495602756","pom.xml"
"e","<!--","","1302","1631495602762","pom.xml"
"a","Down",,,"1631495603145","pom.xml"
"a","Down",,,"1631495603419","pom.xml"
"a","Down",,,"1631495603660","pom.xml"
"a","Down",,,"1631495603898","pom.xml"
"a","Down",,,"1631495604103","pom.xml"
"a","Down",,,"1631495604290","pom.xml"
"a","Down",,,"1631495604442","pom.xml"
"a","Down",,,"1631495604726","pom.xml"
"a","Down",,,"1631495604947","pom.xml"
"a","Down",,,"1631495605192","pom.xml"
"a","Down",,,"1631495605409","pom.xml"
"a","Down",,,"1631495606030","pom.xml"
"a","Down",,,"1631495606217","pom.xml"
"a","Down",,,"1631495606450","pom.xml"
"a","Down",,,"1631495606690","pom.xml"
"a","Down",,,"1631495606908","pom.xml"
"a","Down",,,"1631495607162","pom.xml"
"a","Down",,,"1631495607479","pom.xml"
"a","Down",,,"1631495607722","pom.xml"
"a","Down",,,"1631495607930","pom.xml"
"a","Down",,,"1631495608163","pom.xml"
"a","Down",,,"1631495608384","pom.xml"
"a","Down",,,"1631495608576","pom.xml"
"a","Down",,,"1631495608791","pom.xml"
"a","Down",,,"1631495608997","pom.xml"
"a","Down",,,"1631495609204","pom.xml"
"a","Down",,,"1631495609404","pom.xml"
"a","Down",,,"1631495609600","pom.xml"
"a","Down",,,"1631495609818","pom.xml"
"a","Down",,,"1631495610045","pom.xml"
"a","Down",,,"1631495610261","pom.xml"
"a","Down",,,"1631495610458","pom.xml"
"a","Down",,,"1631495610651","pom.xml"
"a","Down",,,"1631495610851","pom.xml"
"a","Down",,,"1631495611075","pom.xml"
"a","Down",,,"1631495611275","pom.xml"
"a","Down",,,"1631495611507","pom.xml"
"a","Down",,,"1631495611700","pom.xml"
"a","Down",,,"1631495611917","pom.xml"
"a","Down",,,"1631495612137","pom.xml"
"a","Down",,,"1631495612356","pom.xml"
"a","Down",,,"1631495612587","pom.xml"
"a","Down",,,"1631495612845","pom.xml"
"a","Up",,,"1631495614628","pom.xml"
"a","Up",,,"1631495615147","pom.xml"
"a","Down",,,"1631495615491","pom.xml"
"a","Down",,,"1631495616010","pom.xml"
"a","Down",,,"1631495616044","pom.xml"
"a","Down",,,"1631495616077","pom.xml"
"a","Down",,,"1631495616110","pom.xml"
"a","Down",,,"1631495616145","pom.xml"
"a","Down",,,"1631495616180","pom.xml"
"a","Down",,,"1631495616214","pom.xml"
"a","Down",,,"1631495616248","pom.xml"
"a","Down",,,"1631495616283","pom.xml"
"a","Down",,,"1631495616317","pom.xml"
"a","Down",,,"1631495616351","pom.xml"
"a","Down",,,"1631495616385","pom.xml"
"a","Down",,,"1631495616419","pom.xml"
"a","Down",,,"1631495616455","pom.xml"
"a","Down",,,"1631495616490","pom.xml"
"a","Down",,,"1631495616523","pom.xml"
"a","EditorChange",,,"1631495664092","pom.xml"
"a","EditorChange",,,"1631495665446","pom.xml"
"a","EditorChange",,,"1631495667789","pom.xml"
"a","EditorChange",,,"1631495682957","pom.xml"
"e","-->","","1055","1631495766216","pom.xml"
"e","<!--","","1040","1631495766228","pom.xml"
"e","-->","","1039","1631495766236","pom.xml"
"e","<!--","","983","1631495766242","pom.xml"
"e","-->","","982","1631495766248","pom.xml"
"e","<!--","","936","1631495766254","pom.xml"
"e","-->","","935","1631495766261","pom.xml"
"e","<!--","","921","1631495766266","pom.xml"
